selected=923 workers=2 keys=GOOGLE_STUDIO_API_KEY,GOOGLE_STUDIO_API_KEY_2 linked_indictments=927
processed 2/923 bc340f12e8948e188a63e36c057586376e05615df51bd06c5ba35dd90e7ee029 key=GOOGLE_STUDIO_API_KEY_2 replacements=8 evidence=0 paired_evidence=8
skipped-oversize 3/923 897384621fdf0d5e310e829f75e7c20c4363533d605c53c49f86ad23c58a71ce key=GOOGLE_STUDIO_API_KEY_2
waiting: GOOGLE_STUDIO_API_KEY_2 HTTP 503; retry in 300 seconds for e85957e4954201509a71839e29ab3cc92012dcdd7924c2d24f4be69830437947
api-detail: GOOGLE_STUDIO_API_KEY_2 UNAVAILABLE: This model is currently experiencing high demand. Spikes in demand are usually temporary. Please try again later.
processed 1/923 09dad09e3399d6351581659c15dd008ebfe65c6cd16b43e4e68f5f51b0451398 key=GOOGLE_STUDIO_API_KEY replacements=27 evidence=19 paired_evidence=31
processed 5/923 bb0a05555abccca68f06f6cb7f77731c230fab5c8787acb45dfe9af0e9fedda5 key=GOOGLE_STUDIO_API_KEY replacements=8 evidence=1 paired_evidence=9
processed 6/923 dae9b371cd65ba3faf0da4e3fcc57b6c1f4f05ace1a350b8a34053ab5d929383 key=GOOGLE_STUDIO_API_KEY replacements=8 evidence=9 paired_evidence=19
processed 7/923 485fa9dd0f13f9992a231a3f2a104dc18621cf8b3104b82dd1e2ddca732fbb64 key=GOOGLE_STUDIO_API_KEY replacements=16 evidence=8 paired_evidence=14
skipped-empty 8/923 3f85f83419d723815232d346ebf5cc45296f103b30663726c8911bdc7f602255 key=GOOGLE_STUDIO_API_KEY
processed 9/923 c375d820da54269d86f114ed0f224aa9c26b852a3d18c86fa8dfc9937d1cf7d3 key=GOOGLE_STUDIO_API_KEY replacements=13 evidence=21 paired_evidence=43
waiting: GOOGLE_STUDIO_API_KEY_2 ConnectionResetError; retry in 600 seconds for e85957e4954201509a71839e29ab3cc92012dcdd7924c2d24f4be69830437947
waiting: GOOGLE_STUDIO_API_KEY ConnectionResetError; retry in 300 seconds for 83b20a384b1d4785eb47834e9d14f309e2e062e7f64329e9ad7fe3e0b0944970
processed 10/923 83b20a384b1d4785eb47834e9d14f309e2e062e7f64329e9ad7fe3e0b0944970 key=GOOGLE_STUDIO_API_KEY replacements=12 evidence=6 paired_evidence=10
processed 11/923 eb47d41baaaa1d8d0100c19de483fbccbe5c498c52e0bf1888b506f005928af9 key=GOOGLE_STUDIO_API_KEY replacements=9 evidence=13 paired_evidence=24
processed 12/923 4b6a440c9641b6712a3df76c4ee97c644a49fb5b398a2420ec8c0fd82e23c977 key=GOOGLE_STUDIO_API_KEY replacements=26 evidence=16 paired_evidence=27
processed 13/923 c94992621247ba578472c08caa52592b8577b368fb743a089bfa8dec6ea2fd07 key=GOOGLE_STUDIO_API_KEY replacements=10 evidence=8 paired_evidence=15
processed 14/923 4b21c9ef7141d19c4db3e8fad1858aa46b46e91c405d69cb613feb0def4244af key=GOOGLE_STUDIO_API_KEY replacements=22 evidence=14 paired_evidence=29
waiting: GOOGLE_STUDIO_API_KEY_2 HTTP 503; retry in 1200 seconds for e85957e4954201509a71839e29ab3cc92012dcdd7924c2d24f4be69830437947
api-detail: GOOGLE_STUDIO_API_KEY_2 UNAVAILABLE: This model is currently experiencing high demand. Spikes in demand are usually temporary. Please try again later.
processed 15/923 1c3dd9d9a75abd1407b0d3d2c23bf5579ecc92346e014372a5163289eb2ac2d0 key=GOOGLE_STUDIO_API_KEY replacements=10 evidence=6 paired_evidence=10
processed 16/923 8061e1f2917ef1c0f9ad9848a992fce47292d9716d4d78c0bb920c689bb38431 key=GOOGLE_STUDIO_API_KEY replacements=14 evidence=10 paired_evidence=19
processed 17/923 23d0dfefe6a1491495df7eb66449c9ccf7f7136bb0c4483a9919753542e1c11d key=GOOGLE_STUDIO_API_KEY replacements=11 evidence=5 paired_evidence=10
processed 18/923 471951667a465db59857a7f94e9fe8191dda334907173a229fd484fef5450e52 key=GOOGLE_STUDIO_API_KEY replacements=23 evidence=15 paired_evidence=24
processed 19/923 2347928f94e24ad7fda081dbfc2d86504d29801c96e4b3d254b3997b33e3ad71 key=GOOGLE_STUDIO_API_KEY replacements=12 evidence=3 paired_evidence=9
processed 20/923 c4a0caf7578c4465f29bd104d9f3139f653129eaf6a4495d72ab7bdf6f882b4a key=GOOGLE_STUDIO_API_KEY replacements=22 evidence=9 paired_evidence=18
processed 21/923 7da724d5fca28927eccc2b5b17f09430c56e6e5152a9b3cc7d999994cfbbf1b1 key=GOOGLE_STUDIO_API_KEY replacements=17 evidence=7 paired_evidence=12
processed 22/923 8391368b3f85b7fd71564bbfcee81cb0addddd2b1974f3b42aeef36cc299d0fb key=GOOGLE_STUDIO_API_KEY replacements=11 evidence=11 paired_evidence=24
processed 23/923 c27b6e3c24782d2b1e6190bfee69a89e3d96235e28bf28b37bf21184631c3dcf key=GOOGLE_STUDIO_API_KEY replacements=9 evidence=4 paired_evidence=8
processed 24/923 b06ae4728046e548a2821e87896b7feae3f616d7d7659de0833c2516763a683e key=GOOGLE_STUDIO_API_KEY replacements=11 evidence=5 paired_evidence=13
processed 25/923 a887b3d675d1573916f90693cf3c4a3d3c7694245de12258134e5508e0a5a542 key=GOOGLE_STUDIO_API_KEY replacements=13 evidence=8 paired_evidence=13
processed 26/923 938f687bf192b5fcc03c8b028fe4d32b76b0bcbbf85d4937d7930bcd2b895c8f key=GOOGLE_STUDIO_API_KEY replacements=11 evidence=7 paired_evidence=13
processed 27/923 cbb8762b16b02dec3b3b60e76804c3fcf5ba324022ec11d052ef570047c8450e key=GOOGLE_STUDIO_API_KEY replacements=12 evidence=5 paired_evidence=12
processed 28/923 1cae17e63d96a65dac1fb0c1ecd81a2f805422dbff8b32e226a4daf46d061639 key=GOOGLE_STUDIO_API_KEY replacements=16 evidence=7 paired_evidence=13
processed 29/923 2b44c3d4e846b002ec353d481d3d5df3b2044e2aa2c5d7dacc8e46be8e69ed7b key=GOOGLE_STUDIO_API_KEY replacements=15 evidence=6 paired_evidence=11
processed 30/923 3fe9480ce83659ce7d505b26561f4719819e7f988cde3c6dd6fc489a012867cb key=GOOGLE_STUDIO_API_KEY replacements=19 evidence=9 paired_evidence=15
processed 31/923 8edddf0ed0344ce94f2021d0162849f7b9a58c785e3d4e25a4a8aafa5112da19 key=GOOGLE_STUDIO_API_KEY replacements=9 evidence=4 paired_evidence=12
processed 32/923 96706b0e6e8e185f2f6f57af61072de0506bd451bf0e2e02c84d3c349cc76801 key=GOOGLE_STUDIO_API_KEY replacements=22 evidence=16 paired_evidence=25
processed 33/923 9e8f2e80f0f30c1f325eddba42dca3c18420978f45b5bb9c126d3d96962cfe10 key=GOOGLE_STUDIO_API_KEY replacements=12 evidence=6 paired_evidence=9
processed 34/923 f3c0899c18ff0f3c8d82a0c2b2de1af11c90cede09c444c8e2529fba943d5ca2 key=GOOGLE_STUDIO_API_KEY replacements=18 evidence=7 paired_evidence=13
processed 35/923 c37fa235cb5834ce42ce963a59e83192c23cf87adc3a333110268526671ff47a key=GOOGLE_STUDIO_API_KEY replacements=23 evidence=9 paired_evidence=13
processed 36/923 46dc7d5189c5c814e22c58599ccd46d00d363219c0073c32594d6264923a5344 key=GOOGLE_STUDIO_API_KEY replacements=15 evidence=5 paired_evidence=19
processed 4/923 e85957e4954201509a71839e29ab3cc92012dcdd7924c2d24f4be69830437947 key=GOOGLE_STUDIO_API_KEY_2 replacements=14 evidence=13 paired_evidence=21
processed 37/923 1f12e937c715e6aa190713603c39e7a92db3682f6b4706acdda1a00f294203c0 key=GOOGLE_STUDIO_API_KEY replacements=21 evidence=8 paired_evidence=16
processed 38/923 e97adb224667d6c4f9d185d5c208724aa44d9346fad4b48330f38c22cf7e2def key=GOOGLE_STUDIO_API_KEY_2 replacements=12 evidence=6 paired_evidence=10
skipped-empty 40/923 eb8a176d45256eff62d61ca3554cf80ee9dd3f88a4efa15e7cb0d3284300bd76 key=GOOGLE_STUDIO_API_KEY_2
processed 39/923 ebccb1ba763b546a0941858f2ec6bf69aa45873f07c378e2bf35b2eea5cdef0d key=GOOGLE_STUDIO_API_KEY replacements=31 evidence=12 paired_evidence=24
processed 41/923 d434decc05e9d3823d075bd19fc8d9219a467e8673b25a7b8694eac5256c2aef key=GOOGLE_STUDIO_API_KEY_2 replacements=12 evidence=5 paired_evidence=17
processed 42/923 ffbe2576a4ff774bc880df7afd77cbb9e9f0310c8418bee17ed547c572c03351 key=GOOGLE_STUDIO_API_KEY replacements=11 evidence=10 paired_evidence=19
processed 43/923 7c4ef40b1c531cfef96698c610117ee5d2b8ac8d0700bda26ae4ca34dc221bed key=GOOGLE_STUDIO_API_KEY_2 replacements=16 evidence=9 paired_evidence=13
processed 44/923 062850cc994eb3fc7c1222905ce34dc8e94a958286cf3ee4117c59e0061a76e3 key=GOOGLE_STUDIO_API_KEY replacements=13 evidence=8 paired_evidence=15
processed 45/923 86353e1b21025e81cf768904d24cd6fc7561b3b8c20486912de3ceeb182301af key=GOOGLE_STUDIO_API_KEY_2 replacements=13 evidence=7 paired_evidence=13
processed 46/923 6b79b24d081aea4079f2353bcfae60979351f02340fb858052f8813d6f710865 key=GOOGLE_STUDIO_API_KEY replacements=12 evidence=8 paired_evidence=18
processed 48/923 ab275aeeda8d110bdebb33e45c384066e85d4a865f2fad9ef8a55843775d4f9b key=GOOGLE_STUDIO_API_KEY replacements=21 evidence=5 paired_evidence=13
processed 47/923 2eb59418f5c6c06c0856a61f793c2aff71bf4c2b80e48c3b30deb83ef6ff6088 key=GOOGLE_STUDIO_API_KEY_2 replacements=28 evidence=11 paired_evidence=28
processed 49/923 c85143bb866ecbb04a370954b6f1d1995bd6ca1f74f0d992b6be2f0707b7d014 key=GOOGLE_STUDIO_API_KEY replacements=16 evidence=11 paired_evidence=21
processed 50/923 e3bd2b836f1d13dad6820ff66b07f29be9467c243dc78a17f340c5b27c25f61f key=GOOGLE_STUDIO_API_KEY_2 replacements=11 evidence=9 paired_evidence=14
processed 51/923 a3b6d3f4da98a1c4cc19f66f522ce88bb944d6077bc00e181e2babfd5ea56f34 key=GOOGLE_STUDIO_API_KEY replacements=16 evidence=10 paired_evidence=14
processed 52/923 91d078c3ef83b93f1adf47a0dda41eb88f728e7783b33bbf28b8701ed330f153 key=GOOGLE_STUDIO_API_KEY_2 replacements=18 evidence=6 paired_evidence=12
processed 53/923 4c5db15f44e40b3652b145a20c373d903a5e9e2978c5fca0a870a7915aa27b46 key=GOOGLE_STUDIO_API_KEY replacements=21 evidence=16 paired_evidence=30
processed 55/923 a9293ec1d3bec7ec0881b2a2945639f8940786d0222a4cbf3e464fc7d13f58c6 key=GOOGLE_STUDIO_API_KEY replacements=10 evidence=4 paired_evidence=13
waiting: GOOGLE_STUDIO_API_KEY_2 HTTP 500; retry in 300 seconds for d05377c7998bd2d587cd437dad4c311a4f68a0d9a968036962f91397e6b1ef50
api-detail: GOOGLE_STUDIO_API_KEY_2 INTERNAL: Internal error encountered.
processed 56/923 725332b40b28262f5eef75e019afb172c30a082ace8277456e8a75d23a0c1991 key=GOOGLE_STUDIO_API_KEY replacements=15 evidence=8 paired_evidence=14
processed 57/923 7a5b99a4a98ae8d46c36ca042b46cb1681dd0866c6209f3d42a6f0b99caeaacf key=GOOGLE_STUDIO_API_KEY replacements=9 evidence=3 paired_evidence=11
processed 58/923 71add04699b9097f246b189f27154016539350fa0a2ef1cacc6459f37ccb0595 key=GOOGLE_STUDIO_API_KEY replacements=33 evidence=24 paired_evidence=43
processed 59/923 26e6fc5aee02e6385acebbaf6e7fcc243f19022f00051a30b3e82407a45c81b4 key=GOOGLE_STUDIO_API_KEY replacements=6 evidence=2 paired_evidence=10
processed 60/923 7747cd04a82f9a6a0acfee002d52f3cc40946ead3377c1c1287f1b038b377f43 key=GOOGLE_STUDIO_API_KEY replacements=12 evidence=9 paired_evidence=20
processed 61/923 dcb72496db388e308301e4cba0928701affedd593839dc8d94d31e011c4b0c4a key=GOOGLE_STUDIO_API_KEY replacements=9 evidence=3 paired_evidence=10
waiting: GOOGLE_STUDIO_API_KEY_2 HTTP 503; retry in 600 seconds for d05377c7998bd2d587cd437dad4c311a4f68a0d9a968036962f91397e6b1ef50
api-detail: GOOGLE_STUDIO_API_KEY_2 UNAVAILABLE: This model is currently experiencing high demand. Spikes in demand are usually temporary. Please try again later.
processed 62/923 8ef5f562b1753cb5738b4058eb5708fadcce8a8d1fcdbf0cc08eca6b1655a5d9 key=GOOGLE_STUDIO_API_KEY replacements=18 evidence=12 paired_evidence=29
processed 63/923 f2fa81d4e2a853080257281675e967c8adecd4c910ed3a87b0aec6382a7d01b5 key=GOOGLE_STUDIO_API_KEY replacements=12 evidence=8 paired_evidence=15
processed 64/923 5ab2af26f31f9ecd34a358642bd9c23dfd1ce220c81035bada0c130718452394 key=GOOGLE_STUDIO_API_KEY replacements=18 evidence=9 paired_evidence=18
processed 65/923 7af427ab362d8c9f655f342fb5285cbdd8f966293946e75572a7a9c94761c5ba key=GOOGLE_STUDIO_API_KEY replacements=20 evidence=10 paired_evidence=27
processed 66/923 bccbdbfc727bad4ddb4ad8ee52020b845ee707c04ac5dbdeaae217f59bedbd95 key=GOOGLE_STUDIO_API_KEY replacements=16 evidence=11 paired_evidence=18
processed 67/923 ebaf50f96c273c72bf867ed0c53dca9c435ea26bebbcc0dc99db87c9999221a1 key=GOOGLE_STUDIO_API_KEY replacements=11 evidence=3 paired_evidence=7
processed 68/923 17931ed2da6b17ac69104124d4e274bbc59a42fb7aa764b17316689af5a1692b key=GOOGLE_STUDIO_API_KEY replacements=10 evidence=2 paired_evidence=12
processed 69/923 c772e269e2449947a0da6289c5258acb473f825921c4df1f27d217da36f475ba key=GOOGLE_STUDIO_API_KEY replacements=10 evidence=10 paired_evidence=19
processed 70/923 077e8860a411ff5d20bdb93d7f1f2d5c3aa3a46ac4b8329a249ed6e549d04455 key=GOOGLE_STUDIO_API_KEY replacements=10 evidence=7 paired_evidence=13
processed 71/923 ee98d00697db162cdb6e82d6b31dd557dddf65b25f0d74ec6a0258100961d6e6 key=GOOGLE_STUDIO_API_KEY replacements=13 evidence=7 paired_evidence=16
processed 72/923 d123491e12e0f4522098f1e636d2463faeb0f0d1b83c6a69c8dca7f26990527f key=GOOGLE_STUDIO_API_KEY replacements=15 evidence=17 paired_evidence=27
processed 73/923 7f0b078c86bf47a80730940f271a5b5f490503426c24d435ab4bd262d37ac3da key=GOOGLE_STUDIO_API_KEY replacements=16 evidence=7 paired_evidence=13
processed 54/923 d05377c7998bd2d587cd437dad4c311a4f68a0d9a968036962f91397e6b1ef50 key=GOOGLE_STUDIO_API_KEY_2 replacements=16 evidence=9 paired_evidence=18
skipped-empty 75/923 b2e30718b127b22683e279b5a7430b8496f311f956a99420be1be8609661e44f key=GOOGLE_STUDIO_API_KEY_2
processed 74/923 23a35abbf36af99e38a085be19c64beb89c65acf799b3b7bafda2941b86cdba6 key=GOOGLE_STUDIO_API_KEY replacements=31 evidence=20 paired_evidence=33
processed 76/923 0df13d175a8baa09e49b8dd449af1afcb66e58d514293549f147b4caadd30560 key=GOOGLE_STUDIO_API_KEY_2 replacements=17 evidence=18 paired_evidence=32
waiting: GOOGLE_STUDIO_API_KEY_2 HTTP 503; retry in 300 seconds for c0ddc3b99c84ea07d2fa46684c2222de65a31fee72653b1bde6b912b0015fa88
api-detail: GOOGLE_STUDIO_API_KEY_2 UNAVAILABLE: This model is currently experiencing high demand. Spikes in demand are usually temporary. Please try again later.
processed 77/923 14234b31b99cf69579e58826e52c7e13d0e5f5e671160a11c23bffa213e2364c key=GOOGLE_STUDIO_API_KEY replacements=13 evidence=12 paired_evidence=23
processed 79/923 d28343e2afa800bf6bb2e7adbe8152296a3d9699cd4706cecf5d535394ed5648 key=GOOGLE_STUDIO_API_KEY replacements=14 evidence=13 paired_evidence=24
processed 80/923 3750260745a0ffdd013365f8b081adf51a76495c1c670e42d8d768bccfcaae86 key=GOOGLE_STUDIO_API_KEY replacements=9 evidence=8 paired_evidence=13
processed 81/923 a572116dee2c66619b7a4b76a7da08615215a67a6827ea7d8bb0b41f4e9f36a8 key=GOOGLE_STUDIO_API_KEY replacements=21 evidence=11 paired_evidence=21
processed 82/923 9aadeb9840ca9db41c92ff6ecafeacdbb91c1ef699796b67ebccf22874d78170 key=GOOGLE_STUDIO_API_KEY replacements=14 evidence=11 paired_evidence=31
waiting: GOOGLE_STUDIO_API_KEY_2 HTTP 503; retry in 600 seconds for c0ddc3b99c84ea07d2fa46684c2222de65a31fee72653b1bde6b912b0015fa88
api-detail: GOOGLE_STUDIO_API_KEY_2 UNAVAILABLE: This model is currently experiencing high demand. Spikes in demand are usually temporary. Please try again later.
processed 83/923 1026cbc0803921be029c0fef76054a9262738b09598940c18bf50e73d1673cba key=GOOGLE_STUDIO_API_KEY replacements=12 evidence=11 paired_evidence=20
processed 84/923 0db4be548c50d1a0bf5e1242d7484f5d714f18dfe98f1375a3497ef914772f81 key=GOOGLE_STUDIO_API_KEY replacements=9 evidence=1 paired_evidence=10
processed 85/923 7f1fa656304d96725b5780a5a0b95186e51bb00cdd7cdbf45acd9db395ed58e8 key=GOOGLE_STUDIO_API_KEY replacements=14 evidence=11 paired_evidence=20
processed 86/923 28bb99cb07b7958d82fba9aef77fffc26dae1c97fb7d2eae5110ca363a5d0538 key=GOOGLE_STUDIO_API_KEY replacements=9 evidence=8 paired_evidence=17
processed 87/923 0bd4c7400451c3b6f11602130f42b439dae1a9b3df7a0fdae677466902834261 key=GOOGLE_STUDIO_API_KEY replacements=9 evidence=5 paired_evidence=9
processed 88/923 dada02ffca37bb98d88244410ed9f7e8d1c713d07c08e5e927639b70ea06f5d6 key=GOOGLE_STUDIO_API_KEY replacements=9 evidence=9 paired_evidence=14
processed 89/923 5b1ad3f440ddd77e976db74fc0b25e2176cc4033b0c2207010042413a36940d3 key=GOOGLE_STUDIO_API_KEY replacements=13 evidence=7 paired_evidence=11
processed 90/923 3baf1e7f8fd7037d2f4dc97fe634fed6238869e7b297c022651cd8c7e7183327 key=GOOGLE_STUDIO_API_KEY replacements=16 evidence=16 paired_evidence=33
processed 91/923 78edcd50c910a3b6aaeb7db50d369d2fa8358641e69537b0d0c605567bc85456 key=GOOGLE_STUDIO_API_KEY replacements=17 evidence=7 paired_evidence=12
processed 92/923 2892e3fe25ec3c6390d0a41bfbcfbc33b1d0ae3f0118ff50573dc295ce4ff47e key=GOOGLE_STUDIO_API_KEY replacements=12 evidence=6 paired_evidence=12
processed 93/923 dc3df61b5d3013ef8e935bab7618bc5f5b1ae881fd298342a4f1ff5796b34d0b key=GOOGLE_STUDIO_API_KEY replacements=13 evidence=4 paired_evidence=10
processed 94/923 2ffad82e84a3b51acaee27e228a34a7293a91b3016fe2988142d852b30f77fad key=GOOGLE_STUDIO_API_KEY replacements=13 evidence=7 paired_evidence=14
waiting: GOOGLE_STUDIO_API_KEY_2 HTTP 503; retry in 1200 seconds for c0ddc3b99c84ea07d2fa46684c2222de65a31fee72653b1bde6b912b0015fa88
api-detail: GOOGLE_STUDIO_API_KEY_2 UNAVAILABLE: This model is currently experiencing high demand. Spikes in demand are usually temporary. Please try again later.
processed 95/923 6ca91752ff8912e939107bc5d3891f2059fb6f6d423284573f5f0ae5d46b3d16 key=GOOGLE_STUDIO_API_KEY replacements=18 evidence=12 paired_evidence=20
processed 96/923 df603a81e1bb5db7fb652d2ec68aa6eafdcbe2a0ba28937bd7fa93f491cb1e16 key=GOOGLE_STUDIO_API_KEY replacements=13 evidence=3 paired_evidence=25
processed 97/923 22c9ea2db597cdc2b390749ce85c985a7c9a90fa9576f58dcd052cd5f4126161 key=GOOGLE_STUDIO_API_KEY replacements=11 evidence=5 paired_evidence=7
processed 98/923 8b7a2504897e37517467008e5ebe7b1de95d9e53fd4e355745aab6720e01fe0f key=GOOGLE_STUDIO_API_KEY replacements=22 evidence=7 paired_evidence=11
processed 99/923 2cb4e8d59215a09d5ed5fb04cc4dc6f578795b62b31d9b0760b5c1d7e62ecb4c key=GOOGLE_STUDIO_API_KEY replacements=14 evidence=5 paired_evidence=10
processed 100/923 1c5c022d64e0d640b989c690b2e6a5746b31dbe9433fd810cccb82f8613b2edb key=GOOGLE_STUDIO_API_KEY replacements=11 evidence=7 paired_evidence=13
processed 101/923 970eab778ca59652bc0550c80c553bc6ccffb1c7df70421209fea4c71caa2e7a key=GOOGLE_STUDIO_API_KEY replacements=8 evidence=9 paired_evidence=18
processed 102/923 d002ddc166b22a2cb7380fb3d1a723cae781d0899d6bdcf76b6b3702bea38c1d key=GOOGLE_STUDIO_API_KEY replacements=15 evidence=16 paired_evidence=32
processed 103/923 552ba0018b8ecd0688791ce2ded806e8f244f19970a067fe2ff4613f7b13b6f5 key=GOOGLE_STUDIO_API_KEY replacements=13 evidence=15 paired_evidence=23
processed 104/923 0d9b3467f7e688863fe1b588a3edd657c883ebd72649c9dd7a867f605a3753b0 key=GOOGLE_STUDIO_API_KEY replacements=18 evidence=16 paired_evidence=28
processed 105/923 94a3c77dddca6908a6479b90808b8f3b61892f27012c6720da1cf3895557d396 key=GOOGLE_STUDIO_API_KEY replacements=9 evidence=5 paired_evidence=8
processed 106/923 08ff589bed3dcc3b1002fd3f4832308f27149b98b5c62b3ccf3b5f8f350d3c2e key=GOOGLE_STUDIO_API_KEY replacements=17 evidence=8 paired_evidence=12
processed 107/923 8d9c058d3f4e255b76a6d4f6cc8ba9cc11ec8dd0555e30f8becc395c7b2cbc5c key=GOOGLE_STUDIO_API_KEY replacements=18 evidence=6 paired_evidence=19
processed 108/923 516fdf39f1b18acac3936117ea0d714b4910609a56dcfc4dcc0d3a35b039a4d3 key=GOOGLE_STUDIO_API_KEY replacements=8 evidence=1 paired_evidence=11
processed 109/923 631ec468283e3f93e1205c391e8af337cfb55b0e34197980e3a1e976e89709c9 key=GOOGLE_STUDIO_API_KEY replacements=11 evidence=6 paired_evidence=11
processed 110/923 48da965178fe08f56c08b257fc7f0fe4ddd7b56bddf2d1183a630b0a57cf85ab key=GOOGLE_STUDIO_API_KEY replacements=15 evidence=9 paired_evidence=24
processed 111/923 98c12acb4fc3e916d9ff65ff2eb6302d8261e85950f7878c9f90487818907bab key=GOOGLE_STUDIO_API_KEY replacements=14 evidence=8 paired_evidence=15
processed 112/923 7899f107150a447b6b3f5d278b437d2a84dec740a58a249e4e4e2fc6327de00b key=GOOGLE_STUDIO_API_KEY replacements=19 evidence=8 paired_evidence=12
processed 113/923 1a03a3b22ea716d85884677098a1e218a5cc186b3f36215515fdeffff6e444ed key=GOOGLE_STUDIO_API_KEY replacements=14 evidence=10 paired_evidence=19
processed 114/923 53c4b6a0da697051f55441472f5d4e3ed17f6c253c84d86517abefad3ae562c0 key=GOOGLE_STUDIO_API_KEY replacements=18 evidence=9 paired_evidence=16
processed 115/923 0200c8457e2753fbb3e21d1d2a38337d71c682f9c182de15c2e5377723300cfc key=GOOGLE_STUDIO_API_KEY replacements=7 evidence=2 paired_evidence=14
processed 116/923 b6a2b54f1f2d87e57b4742f7137ad1cb2b0b8490894499eb7baafc067078f46f key=GOOGLE_STUDIO_API_KEY replacements=16 evidence=12 paired_evidence=21
processed 78/923 c0ddc3b99c84ea07d2fa46684c2222de65a31fee72653b1bde6b912b0015fa88 key=GOOGLE_STUDIO_API_KEY_2 replacements=11 evidence=13 paired_evidence=22
waiting: GOOGLE_STUDIO_API_KEY_2 HTTP 500; retry in 300 seconds for 373290b844daf1ef68388e65f269241239979410264b564204de5a19584526eb
api-detail: GOOGLE_STUDIO_API_KEY_2 INTERNAL: Internal error encountered.
processed 117/923 0f81e5b50e537b549769ca6f6a1843b8f9d9897bd7243aaef603dd82d0adc7e4 key=GOOGLE_STUDIO_API_KEY replacements=12 evidence=6 paired_evidence=11
processed 119/923 a0d1d25b02cc83a389659bf1c5f1dbd6c5fe3ca7245a19bf9bcdcbbb8e03cfdd key=GOOGLE_STUDIO_API_KEY replacements=7 evidence=1 paired_evidence=7
processed 120/923 c156186bc4ba52fafaab52ba1e98973f4a47324da5839194cfc48915107f663e key=GOOGLE_STUDIO_API_KEY replacements=21 evidence=8 paired_evidence=18
processed 121/923 2cf00cb0a5d6193df7db09506821eb9b534c1ef5eed1953cc642266259a3dec9 key=GOOGLE_STUDIO_API_KEY replacements=16 evidence=8 paired_evidence=17
processed 122/923 e5b25ab803a6ff5b74d61cb5a3501a99619c9a972d9478b6699b327fe30f4ad0 key=GOOGLE_STUDIO_API_KEY replacements=20 evidence=6 paired_evidence=13
processed 123/923 5db832cecf57e3a8ba7331b85ef33781cfddc75b394426c13a2ca3d1ae2fb64c key=GOOGLE_STUDIO_API_KEY replacements=13 evidence=9 paired_evidence=23
processed 124/923 e9f8d352a0138e78f1d004cd098d81a9b93f8edb3278a424670b0d7a9edc71b8 key=GOOGLE_STUDIO_API_KEY replacements=10 evidence=3 paired_evidence=12
processed 118/923 373290b844daf1ef68388e65f269241239979410264b564204de5a19584526eb key=GOOGLE_STUDIO_API_KEY_2 replacements=10 evidence=7 paired_evidence=13
waiting: GOOGLE_STUDIO_API_KEY_2 HTTP 500; retry in 300 seconds for 75d1f9fca965ccfc49cb47663ac2065486084a1c90a3f6d196489c262d6c622b
api-detail: GOOGLE_STUDIO_API_KEY_2 INTERNAL: Internal error encountered.
processed 125/923 228b6b577e09ab4c3e7b443612d52b95a6d2ee81ef141a62673f6f4ef85e91ed key=GOOGLE_STUDIO_API_KEY replacements=13 evidence=7 paired_evidence=13
processed 127/923 f756769c253d02a5281920af2a898cf42c18da311b5dcda96718f991924d403f key=GOOGLE_STUDIO_API_KEY replacements=7 evidence=1 paired_evidence=7
processed 128/923 4d4f49641a8399ccfb8be306d333042c69293cab60c4fc87af35d1d60688234a key=GOOGLE_STUDIO_API_KEY replacements=12 evidence=7 paired_evidence=14
processed 129/923 63bf061efda922fe38f0294a5a62f5d4d29d3e64ff4aa4731953a307cd4236e0 key=GOOGLE_STUDIO_API_KEY replacements=14 evidence=4 paired_evidence=8
waiting: GOOGLE_STUDIO_API_KEY HTTP 429; retry in 300 seconds for 424a51b4e63873962e1f3ebd10b94d1d25c1d87b67c7ad78720cf6ae449b31f8
api-detail: GOOGLE_STUDIO_API_KEY RESOURCE_EXHAUSTED: Resource has been exhausted (e.g. check quota).
waiting: GOOGLE_STUDIO_API_KEY_2 HTTP 500; retry in 600 seconds for 75d1f9fca965ccfc49cb47663ac2065486084a1c90a3f6d196489c262d6c622b
api-detail: GOOGLE_STUDIO_API_KEY_2 INTERNAL: Internal error encountered.
processed 130/923 424a51b4e63873962e1f3ebd10b94d1d25c1d87b67c7ad78720cf6ae449b31f8 key=GOOGLE_STUDIO_API_KEY replacements=13 evidence=9 paired_evidence=17
processed 131/923 522a7a80a647de4ca9df7863b9e69b237b6af6fade54690210139b9467592c99 key=GOOGLE_STUDIO_API_KEY replacements=11 evidence=5 paired_evidence=9
processed 132/923 671e183a4d67fe16ea3261e6c7a72f8428d61fd7fbdb71619b1fc99034da59af key=GOOGLE_STUDIO_API_KEY replacements=15 evidence=9 paired_evidence=18
processed 133/923 6ff4247f9353324591a35b9b7d3df0c4e51e0a4a9420884f41c2262b5ceaf9af key=GOOGLE_STUDIO_API_KEY replacements=11 evidence=2 paired_evidence=15
processed 134/923 c08e11d70f57f6774af183db20cbdeca095301d599a05151766a3dfbf73edc85 key=GOOGLE_STUDIO_API_KEY replacements=14 evidence=6 paired_evidence=12
processed 135/923 cc4b58da6a0d617779fda19c301c6e688f582df9442d883e618b668d64a8f03b key=GOOGLE_STUDIO_API_KEY replacements=14 evidence=10 paired_evidence=24
processed 136/923 49b015fed97e19eaa887bfcf34c7d5b2bcd5b038d9b1411f90dfd5a554bfdac4 key=GOOGLE_STUDIO_API_KEY replacements=12 evidence=9 paired_evidence=16
processed 137/923 4a746ee10ee75a1f43dd1c51eff41f05113a97528d41d662282d11b944a5f0ce key=GOOGLE_STUDIO_API_KEY replacements=38 evidence=9 paired_evidence=25
processed 126/923 75d1f9fca965ccfc49cb47663ac2065486084a1c90a3f6d196489c262d6c622b key=GOOGLE_STUDIO_API_KEY_2 replacements=18 evidence=8 paired_evidence=15
waiting: GOOGLE_STUDIO_API_KEY_2 HTTP 500; retry in 300 seconds for af577aa46833a5d58115d649aed6dd1eb1345414fb09881018e2d08a5d4e3eb1
api-detail: GOOGLE_STUDIO_API_KEY_2 INTERNAL: Internal error encountered.
processed 138/923 971c5156614269269931329ffc1637b50529af46963b8636cb0c44cc4c715a04 key=GOOGLE_STUDIO_API_KEY replacements=14 evidence=13 paired_evidence=23
processed 140/923 a90e4705ec173713de4f4b39a537111da78831e7b045809f330b072bbbed62d7 key=GOOGLE_STUDIO_API_KEY replacements=19 evidence=18 paired_evidence=30
processed 141/923 bd2878ee9321d4fa7c8f7f285dc724c6cbe02d68f0ef3e8451c0b21b7a97c8a3 key=GOOGLE_STUDIO_API_KEY replacements=30 evidence=13 paired_evidence=27
processed 142/923 5a2e58ce0eb0323e4490956b1247bccfa317f0cc4dfb7b596e9b6c8569866281 key=GOOGLE_STUDIO_API_KEY replacements=11 evidence=5 paired_evidence=8
waiting: GOOGLE_STUDIO_API_KEY_2 HTTP 503; retry in 600 seconds for af577aa46833a5d58115d649aed6dd1eb1345414fb09881018e2d08a5d4e3eb1
api-detail: GOOGLE_STUDIO_API_KEY_2 UNAVAILABLE: This model is currently experiencing high demand. Spikes in demand are usually temporary. Please try again later.
processed 143/923 5230590057cbb8df638affa2269a7c55ed47b4cd9c4e6c494e435e65d835f6dc key=GOOGLE_STUDIO_API_KEY replacements=11 evidence=8 paired_evidence=21
processed 144/923 9fd1cfd829af43bf9c4e4580a5a95217de36c45c7ea586f8374dcdec07688434 key=GOOGLE_STUDIO_API_KEY replacements=16 evidence=7 paired_evidence=10
processed 145/923 4a8bb88cc1361b3389e945d5201e872260ebc1c84a1ab7831053c50d8543f3ad key=GOOGLE_STUDIO_API_KEY replacements=8 evidence=2 paired_evidence=7
processed 146/923 06ead1b2cde17b6c1bfdc2f412f6c8dad6f8c7d0d2205cf43abaf9e79049e4de key=GOOGLE_STUDIO_API_KEY replacements=18 evidence=19 paired_evidence=34
processed 147/923 2bda4e45b00963627e905c7f66bd1bd279486a8a0f1c1f8108ab863a59ab1cc2 key=GOOGLE_STUDIO_API_KEY replacements=7 evidence=3 paired_evidence=8
processed 148/923 361cbe886bb080f4da9b3e2c2303841613adbdb61130ca32d92a58c9b383014f key=GOOGLE_STUDIO_API_KEY replacements=15 evidence=8 paired_evidence=12
processed 149/923 69528af751099e7b60c1fa483d9b2f7cfef8983088c958d766f57a413884ef2e key=GOOGLE_STUDIO_API_KEY replacements=12 evidence=12 paired_evidence=22
processed 150/923 2e2b097d6c6dd7fab7536b9b0afada8baa5787f0d33cd15a6fcf3402c430d865 key=GOOGLE_STUDIO_API_KEY replacements=13 evidence=11 paired_evidence=18
processed 151/923 2d44be2ea87f4be6a39fe8d7217607fd0f14120fb34d91f2c42f3ca0fe093731 key=GOOGLE_STUDIO_API_KEY replacements=9 evidence=4 paired_evidence=8
processed 152/923 eb2e1e60f0db68200c75284038fc2805d2e71245969d1ece0c91a60250a9b497 key=GOOGLE_STUDIO_API_KEY replacements=12 evidence=7 paired_evidence=15
processed 153/923 33eef5a6e470589391c00ea49af29c9b9f2106b8d086430dc35b4449f99af501 key=GOOGLE_STUDIO_API_KEY replacements=8 evidence=5 paired_evidence=8
processed 154/923 7d4de299d5805be81917a34010cc8d12d80dbf23de73ecde3572240e0912d879 key=GOOGLE_STUDIO_API_KEY replacements=16 evidence=15 paired_evidence=25
processed 155/923 ec5874137d2f449ee7a1010f44b77577a5e78ddd2328cbf6ed9b58323cccbb7d key=GOOGLE_STUDIO_API_KEY replacements=11 evidence=9 paired_evidence=13
processed 139/923 af577aa46833a5d58115d649aed6dd1eb1345414fb09881018e2d08a5d4e3eb1 key=GOOGLE_STUDIO_API_KEY_2 replacements=11 evidence=14 paired_evidence=29
skipped-empty 157/923 a9f3a9299b2777dd39c52f6dd3e8959d5c09ad9586f26f7da620d7d458659d49 key=GOOGLE_STUDIO_API_KEY_2
processed 156/923 2c7f062899e58920d09ce800a59ebac5efdf4d2b41b96e1ecda11ca9d833db70 key=GOOGLE_STUDIO_API_KEY replacements=20 evidence=12 paired_evidence=24
waiting: GOOGLE_STUDIO_API_KEY_2 HTTP 503; retry in 300 seconds for 3392564ad1456a71f61a120b99f95ab1ff878dca6c839400d93144105d6f4905
api-detail: GOOGLE_STUDIO_API_KEY_2 UNAVAILABLE: This model is currently experiencing high demand. Spikes in demand are usually temporary. Please try again later.
processed 159/923 acfc02bc5cb8e2863e1a0f7afb748d18d38000b722695ddddd3a173458dbb311 key=GOOGLE_STUDIO_API_KEY replacements=10 evidence=6 paired_evidence=15
processed 160/923 276d2ad93621177e56f089560b6a4a696637b4e36bfd7464586b4a46ad0c2591 key=GOOGLE_STUDIO_API_KEY replacements=15 evidence=12 paired_evidence=17
processed 161/923 d63214724b4cc6af588bcf41b3176eba6171b8cfe0595f8dd88109b4d17bd271 key=GOOGLE_STUDIO_API_KEY replacements=16 evidence=11 paired_evidence=27
processed 162/923 0969c7eda6ce81ee9c4b99ba3e00041a3d6818f8f31acc6dd0c41bcbd26dad65 key=GOOGLE_STUDIO_API_KEY replacements=13 evidence=9 paired_evidence=16
processed 163/923 aedb14660a85142b4816fc8c9420d04d8bd41b6e2bf910cdb6836a3529fd7678 key=GOOGLE_STUDIO_API_KEY replacements=12 evidence=10 paired_evidence=19
waiting: GOOGLE_STUDIO_API_KEY_2 HTTP 500; retry in 600 seconds for 3392564ad1456a71f61a120b99f95ab1ff878dca6c839400d93144105d6f4905
api-detail: GOOGLE_STUDIO_API_KEY_2 INTERNAL: Internal error encountered.
processed 164/923 c9efc48aff1ed0a2a23a4d8b9137f21f9f3a853e7792c04e95adb9d5c8916b64 key=GOOGLE_STUDIO_API_KEY replacements=15 evidence=6 paired_evidence=11
processed 165/923 0b45ec93a52f028fc96b89d5c3558aca034afea3ed39b9fe11dcbbe0557591ee key=GOOGLE_STUDIO_API_KEY replacements=11 evidence=9 paired_evidence=17
processed 166/923 612feb4b574eb610a1c2f548c129e4ca6d1f761d03401afde33090a778afc3b5 key=GOOGLE_STUDIO_API_KEY replacements=10 evidence=1 paired_evidence=11
processed 167/923 a8e8489454a1e5dbd5d0090de5cac506e96d84c00676ceba98b7b14c58b6044c key=GOOGLE_STUDIO_API_KEY replacements=16 evidence=16 paired_evidence=28
processed 168/923 46b1cb06ace13feda38b7977de57cb47f2c482b895999b1a3992d5dde5d1b34e key=GOOGLE_STUDIO_API_KEY replacements=16 evidence=13 paired_evidence=25
processed 169/923 5abf4a45d16e83c74baa0e58a92894be5b975c4df2fa5d63a2deff0491a0d5f8 key=GOOGLE_STUDIO_API_KEY replacements=13 evidence=12 paired_evidence=22
processed 170/923 cba0a21aa48c09af848b5c682d787a7b9e9c1e55bf9992a331e39709228ea517 key=GOOGLE_STUDIO_API_KEY replacements=6 evidence=2 paired_evidence=8
processed 171/923 9a22e937aeb97605137106d764185f7c15bdf29bba2b5c8ddaed1c6e9d8eafb8 key=GOOGLE_STUDIO_API_KEY replacements=22 evidence=11 paired_evidence=21
processed 172/923 3e08de93df906e00159a0d3003f160c00e7503aeb12fc4faae3c52ad67cdf7e5 key=GOOGLE_STUDIO_API_KEY replacements=19 evidence=10 paired_evidence=20
waiting: GOOGLE_STUDIO_API_KEY_2 HTTP 500; retry in 1200 seconds for 3392564ad1456a71f61a120b99f95ab1ff878dca6c839400d93144105d6f4905
api-detail: GOOGLE_STUDIO_API_KEY_2 INTERNAL: Internal error encountered.
processed 173/923 c852099967be172961066d8309f984df318fefff10e58e2b7e5baeb631f44c11 key=GOOGLE_STUDIO_API_KEY replacements=15 evidence=19 paired_evidence=37
processed 174/923 099d066b577da5543f4cbee5d65fe642b1c9e55eb8afdd22dc7199ba56e18679 key=GOOGLE_STUDIO_API_KEY replacements=13 evidence=11 paired_evidence=21
processed 175/923 0138a62811f59587ab0b6fc34c4218a482995f5d4a8777bb5d21967c8f731872 key=GOOGLE_STUDIO_API_KEY replacements=17 evidence=14 paired_evidence=24
processed 176/923 7c04378c17a7c44954760e532ffcc6347e2820f7a1a61d6242a4ce5158c78fd5 key=GOOGLE_STUDIO_API_KEY replacements=16 evidence=5 paired_evidence=10
processed 177/923 9e3ccf8f712d2a1fe7f5c858eed0957fc5a0d9cfb888a5cbb8db142f0b9fa67c key=GOOGLE_STUDIO_API_KEY replacements=10 evidence=5 paired_evidence=11
processed 178/923 d89ca72cb91cec83614c87d2221c7f4a463588cf139a3a2279805187796c7a90 key=GOOGLE_STUDIO_API_KEY replacements=23 evidence=24 paired_evidence=50
processed 179/923 4246e9f890183dba3a1f102f73eee0ab0407d19826100226302e1031a0581802 key=GOOGLE_STUDIO_API_KEY replacements=18 evidence=8 paired_evidence=16
processed 180/923 63b1316e98d30b94eaf3cf27ab22cfb109df073013a4a2f68caa30481d6c9122 key=GOOGLE_STUDIO_API_KEY replacements=10 evidence=7 paired_evidence=20
processed 181/923 377c007a979da6714714c53fd166e979d102a9f03c93fa52766a8957d7164733 key=GOOGLE_STUDIO_API_KEY replacements=11 evidence=3 paired_evidence=6
processed 182/923 777c247bd185b3e9e6c5cb2176d87d68914e267e1f01d24d6ad88888699cccaf key=GOOGLE_STUDIO_API_KEY replacements=12 evidence=4 paired_evidence=7
processed 183/923 70dc164b879e0fe1cd23c1d2a080085601cba870e5088cf47d2d716fc567b285 key=GOOGLE_STUDIO_API_KEY replacements=24 evidence=22 paired_evidence=34
processed 184/923 6c78591b253ec69c87bb976b1a3a6953ac9a33e43aea3ee1f04ee49d2efd5a5a key=GOOGLE_STUDIO_API_KEY replacements=25 evidence=24 paired_evidence=42
processed 185/923 5c458566df9e973337196ad747ecd982475bc61595a32512a0ab36e8e2c43755 key=GOOGLE_STUDIO_API_KEY replacements=11 evidence=6 paired_evidence=12
waiting: GOOGLE_STUDIO_API_KEY HTTP 500; retry in 300 seconds for 7a6cfa2c665d45f3a2bf92b3197ae361542b6b81f2a1b63867702ff39a15c5dc
api-detail: GOOGLE_STUDIO_API_KEY INTERNAL: Internal error encountered.
processed 186/923 7a6cfa2c665d45f3a2bf92b3197ae361542b6b81f2a1b63867702ff39a15c5dc key=GOOGLE_STUDIO_API_KEY replacements=21 evidence=15 paired_evidence=26
processed 187/923 2bdb3ca522a211497dc2f2bf8e9f954547867c50452a26ba080bac01780cd5f2 key=GOOGLE_STUDIO_API_KEY replacements=11 evidence=7 paired_evidence=14
processed 158/923 3392564ad1456a71f61a120b99f95ab1ff878dca6c839400d93144105d6f4905 key=GOOGLE_STUDIO_API_KEY_2 replacements=11 evidence=9 paired_evidence=11
processed 188/923 fe10336390fb0b17d4197b7ac068b7253381d151eca0c332b804212a4972eaa0 key=GOOGLE_STUDIO_API_KEY replacements=19 evidence=11 paired_evidence=25
waiting: GOOGLE_STUDIO_API_KEY_2 HTTP 503; retry in 300 seconds for 5edc1b87ca5edbd0c483f8cbbe0071314521291836b38c22fd9e2ae29569c53d
api-detail: GOOGLE_STUDIO_API_KEY_2 UNAVAILABLE: This model is currently experiencing high demand. Spikes in demand are usually temporary. Please try again later.
processed 190/923 ee2fbc799d7c9f5fa802ed0441eaa95c19cd7488317f6f93fcc0f2f3766616fe key=GOOGLE_STUDIO_API_KEY replacements=12 evidence=4 paired_evidence=8
processed 191/923 d64d7ed9b4a62d2fa04fc6812f478f47ddacd7e913aca57051a1304fc3e5fa6e key=GOOGLE_STUDIO_API_KEY replacements=14 evidence=12 paired_evidence=19
processed 192/923 5ce499c7ec7ac2f53fc1bb7b1d2a0576e3130c9ba5b145597403f16f39ecd19a key=GOOGLE_STUDIO_API_KEY replacements=12 evidence=5 paired_evidence=15
processed 193/923 3ca225c657c82b077d5441046ebcb0b2517d012b0a8f64a1be3b1d26bdb359e2 key=GOOGLE_STUDIO_API_KEY replacements=42 evidence=5 paired_evidence=14
processed 194/923 435fc0de0dbdfeb38b7fc74a1709f7b6388a30f986fcd5f732ea6800a73a6245 key=GOOGLE_STUDIO_API_KEY replacements=11 evidence=9 paired_evidence=14
processed 195/923 7122f08ee92c371bcaad5dd9ebbe1825a8bd024dba4d90a8ec77706dd2203dee key=GOOGLE_STUDIO_API_KEY replacements=11 evidence=10 paired_evidence=19
processed 189/923 5edc1b87ca5edbd0c483f8cbbe0071314521291836b38c22fd9e2ae29569c53d key=GOOGLE_STUDIO_API_KEY_2 replacements=14 evidence=8 paired_evidence=18
processed 196/923 f60e8d773b85cedff7afb61024a725e394158310daca67e20d2d4fcf0cb62ac3 key=GOOGLE_STUDIO_API_KEY replacements=30 evidence=12 paired_evidence=22
processed 197/923 4454a48d8dc20028998cc998396106d18e6ae7f43861a8271008862cca38d9ff key=GOOGLE_STUDIO_API_KEY_2 replacements=14 evidence=7 paired_evidence=21
waiting: GOOGLE_STUDIO_API_KEY_2 HTTP 500; retry in 300 seconds for db9d9d33869c1488b08683b9480943106f139839bb8605a8388a8ef0f22f85c0
api-detail: GOOGLE_STUDIO_API_KEY_2 INTERNAL: Internal error encountered.
processed 198/923 c745aec99993cd61539a447b42e6f3a2eb8ee94b6b35dfb4b71f1cc235e8ca1c key=GOOGLE_STUDIO_API_KEY replacements=13 evidence=9 paired_evidence=17
processed 200/923 d7d623b042a843907f10dc2a980b97ec8ff0e820caef2cc1099c66a2711365f7 key=GOOGLE_STUDIO_API_KEY replacements=18 evidence=12 paired_evidence=31
processed 201/923 f641c79f1fc2fe4c5316359b9cd70d3f57470561be0adee6760924354b441b3d key=GOOGLE_STUDIO_API_KEY replacements=22 evidence=6 paired_evidence=15
processed 202/923 f80776f73aa260427ebe2e28a6c3fa18ae6fe8697f6c91b5da8c6f5ee44431d0 key=GOOGLE_STUDIO_API_KEY replacements=12 evidence=7 paired_evidence=11
processed 203/923 9c3a9f8d7ad9d36ee993bd6c9231f613e67677a3369ca874da9d64003927e5b6 key=GOOGLE_STUDIO_API_KEY replacements=18 evidence=12 paired_evidence=23
processed 204/923 64360d9f56eb445d47d86d8131878127656caaec684e0a43cd0e1f9454c84f64 key=GOOGLE_STUDIO_API_KEY replacements=23 evidence=2 paired_evidence=31
processed 199/923 db9d9d33869c1488b08683b9480943106f139839bb8605a8388a8ef0f22f85c0 key=GOOGLE_STUDIO_API_KEY_2 replacements=15 evidence=12 paired_evidence=21
waiting: GOOGLE_STUDIO_API_KEY_2 HTTP 500; retry in 300 seconds for 7c059b22f3bfd2cde9445c678ad5f57cadf021a60013063b83431f53db6de8ed
api-detail: GOOGLE_STUDIO_API_KEY_2 INTERNAL: Internal error encountered.
processed 205/923 7c55c14d2fe72b806045f192fb1b82822783d4a871de91fbc3ae93d985d098c5 key=GOOGLE_STUDIO_API_KEY replacements=14 evidence=9 paired_evidence=15
processed 207/923 182ff64f245263b83df3a0d527b019ca0a97cf70c74c0b4613e15179583a0d03 key=GOOGLE_STUDIO_API_KEY replacements=15 evidence=12 paired_evidence=21
processed 208/923 b2207f41321174e58319d9a5c5ab29d02e908917e64952795d3a5082f9a82443 key=GOOGLE_STUDIO_API_KEY replacements=13 evidence=6 paired_evidence=11
processed 209/923 c4d1c48593b0654d14d844125c6578a200fcab94bbf0e215decbc1b1294833ed key=GOOGLE_STUDIO_API_KEY replacements=16 evidence=11 paired_evidence=28
processed 210/923 b38ebeefe966ba800cc556a4d211819191c9d045dbbe9c2ffbbb3ce85f8dfafc key=GOOGLE_STUDIO_API_KEY replacements=16 evidence=9 paired_evidence=22
waiting: GOOGLE_STUDIO_API_KEY_2 HTTP 503; retry in 600 seconds for 7c059b22f3bfd2cde9445c678ad5f57cadf021a60013063b83431f53db6de8ed
api-detail: GOOGLE_STUDIO_API_KEY_2 UNAVAILABLE: This model is currently experiencing high demand. Spikes in demand are usually temporary. Please try again later.
processed 211/923 419d94331200dfe0db11a79a79d274c1a10f6e01741c48461082d698d76252e8 key=GOOGLE_STUDIO_API_KEY replacements=10 evidence=1 paired_evidence=9
processed 212/923 15088204cb1540a6ad8a6b60fdb67c403b38e9bb60bf0e7d743bea5ff984e2eb key=GOOGLE_STUDIO_API_KEY replacements=8 evidence=2 paired_evidence=6
processed 213/923 f07bfb6021492e428c2813214fdd776e16a94e534be70a104b6ef365f47bc9de key=GOOGLE_STUDIO_API_KEY replacements=12 evidence=6 paired_evidence=16
processed 214/923 509b667508cfd02e1a2afa8b784e5c82abe7ae132156bab45b93214890d329d7 key=GOOGLE_STUDIO_API_KEY replacements=14 evidence=7 paired_evidence=13
processed 215/923 41d9cac2a3e152933f890409bdf5fca13f15307d214a700a434981a226e4969e key=GOOGLE_STUDIO_API_KEY replacements=22 evidence=30 paired_evidence=44
processed 216/923 1efb93cfd9cf611c67feb54e1701b3d2ad9aed3b2f1a4c0450abbedb66e9d9ce key=GOOGLE_STUDIO_API_KEY replacements=11 evidence=5 paired_evidence=14
processed 217/923 6285e6a123fdc675a53dbff6a7f9d9737ee92852143afaaa81332ced43690408 key=GOOGLE_STUDIO_API_KEY replacements=25 evidence=18 paired_evidence=32
processed 218/923 eb4030e368d87796c1f210d9526a79e0116b05b955c9de4b891c3e78f4671221 key=GOOGLE_STUDIO_API_KEY replacements=8 evidence=5 paired_evidence=8
processed 219/923 27fb74ecfbaa3c1e4f516deb429a38d224f3e4f33c663ac7a0957c0151262d7e key=GOOGLE_STUDIO_API_KEY replacements=10 evidence=8 paired_evidence=15
processed 220/923 0b47f5614dd3d5e56b3cdf554af410384154c7e918ed357b4f06d0baab2daea9 key=GOOGLE_STUDIO_API_KEY replacements=14 evidence=11 paired_evidence=22
processed 206/923 7c059b22f3bfd2cde9445c678ad5f57cadf021a60013063b83431f53db6de8ed key=GOOGLE_STUDIO_API_KEY_2 replacements=15 evidence=8 paired_evidence=14
processed 221/923 f3ddd13fae9758fcf0bab1f1e9326a31630ee4455b688b939d2799eb851950aa key=GOOGLE_STUDIO_API_KEY replacements=21 evidence=22 paired_evidence=26
processed 223/923 08c698939cc641dea9f98f7b0d482b2d680582531829b01033f1b261748336e1 key=GOOGLE_STUDIO_API_KEY replacements=13 evidence=13 paired_evidence=23
processed 222/923 f3aeb9210952004fab0f534335add436d6756c0e0c6e5083c74fc35bb06b249c key=GOOGLE_STUDIO_API_KEY_2 replacements=20 evidence=14 paired_evidence=16
processed 224/923 f343f0aa62fafe0c1cd5cd531a02a6bb1eef1c0b627fde8d0b3a02c6c40314af key=GOOGLE_STUDIO_API_KEY replacements=15 evidence=10 paired_evidence=13
processed 225/923 f4e1d6657eff4f5fd2c83f62cf4bdd9b4a17ceeeda090c0c99efd29d7c455d19 key=GOOGLE_STUDIO_API_KEY_2 replacements=14 evidence=5 paired_evidence=10
waiting: GOOGLE_STUDIO_API_KEY_2 HTTP 503; retry in 300 seconds for 8c6acae00e4a23ef187e17fa585107b3a8748ce96f54d1ffd7186c14465f21a4
api-detail: GOOGLE_STUDIO_API_KEY_2 UNAVAILABLE: This model is currently experiencing high demand. Spikes in demand are usually temporary. Please try again later.
processed 226/923 87f50147d6bf696bbf9a50272fdc3066f7e0102839c3fb34f3ec3f1dbe684793 key=GOOGLE_STUDIO_API_KEY replacements=14 evidence=9 paired_evidence=14
processed 228/923 e99330521a0e6167a054ef8e6e8f69536a9b4944b6fb47aa372b0c87c21505ae key=GOOGLE_STUDIO_API_KEY replacements=9 evidence=1 paired_evidence=13
processed 229/923 261bde5e92ffe0daa000c82aeffadedd115371fb9d85e433d0006631178fb743 key=GOOGLE_STUDIO_API_KEY replacements=18 evidence=11 paired_evidence=21
processed 230/923 0c87744851bf5797a86cbde0bcc0dcbf891afc6a1ee3de0295eb76e15b26c70d key=GOOGLE_STUDIO_API_KEY replacements=13 evidence=15 paired_evidence=25
processed 231/923 522b638c8e7213ba9a5497e65d52e503e9e338d5cae380c31791306048b723a6 key=GOOGLE_STUDIO_API_KEY replacements=13 evidence=13 paired_evidence=21
waiting: GOOGLE_STUDIO_API_KEY_2 HTTP 500; retry in 600 seconds for 8c6acae00e4a23ef187e17fa585107b3a8748ce96f54d1ffd7186c14465f21a4
api-detail: GOOGLE_STUDIO_API_KEY_2 INTERNAL: Internal error encountered.
processed 232/923 e54363ac9d6dd0287eff4dcfd899cf3b29f070075f1d64beccf624cb9e42bb00 key=GOOGLE_STUDIO_API_KEY replacements=14 evidence=17 paired_evidence=29
processed 233/923 784decc9f44c26c03149f7c7595c81fe1238fc1b27b89aaa50ad678c646ff81b key=GOOGLE_STUDIO_API_KEY replacements=9 evidence=5 paired_evidence=10
processed 234/923 23f47dc438634e632f305232da7401327cf8636a567fd6b388912eff8e1cee46 key=GOOGLE_STUDIO_API_KEY replacements=9 evidence=12 paired_evidence=19
processed 235/923 3b54a63608c513bffb7049764484286c5a19c3f7a73ae518f74b19c5c4b8dbc7 key=GOOGLE_STUDIO_API_KEY replacements=15 evidence=7 paired_evidence=15
processed 236/923 d8d34ae6491fe0abd58df43238befa63564bfd38e9b062bd5fc1d2d0e473125e key=GOOGLE_STUDIO_API_KEY replacements=15 evidence=8 paired_evidence=16
processed 237/923 8bbc66d8329e578726c20863005892de051e831acbfdc15db8fd2f0fdbcb2c11 key=GOOGLE_STUDIO_API_KEY replacements=19 evidence=10 paired_evidence=21
processed 238/923 a6cd1a79bfde403550ad22eac487590f37aec6456c57cc49c9c31a8a3ef6cdf1 key=GOOGLE_STUDIO_API_KEY replacements=15 evidence=10 paired_evidence=22
processed 239/923 da8e80fb9fa5d840c28680faff68069baffd705794ac8cd185d075ac5f5ba733 key=GOOGLE_STUDIO_API_KEY replacements=15 evidence=10 paired_evidence=20
processed 240/923 401d9f54ca71b42f3eba40c237bdf6d89be0c1c904b30b889c38966a7c00a587 key=GOOGLE_STUDIO_API_KEY replacements=13 evidence=13 paired_evidence=21
processed 241/923 22d2a2e28f658688b87eac4218e28302568c22f003af308019b12acdb8bbe494 key=GOOGLE_STUDIO_API_KEY replacements=14 evidence=11 paired_evidence=19
processed 242/923 add003ce6be1815e822093e339f547c8679db967e8e2f29694332b6c1550f2a2 key=GOOGLE_STUDIO_API_KEY replacements=12 evidence=6 paired_evidence=10
processed 227/923 8c6acae00e4a23ef187e17fa585107b3a8748ce96f54d1ffd7186c14465f21a4 key=GOOGLE_STUDIO_API_KEY_2 replacements=11 evidence=6 paired_evidence=11
waiting: GOOGLE_STUDIO_API_KEY_2 HTTP 503; retry in 300 seconds for e39daed17c4689bda0ed96bda414c67a5110e06c6a11ae9ddd004dd47ecafc8b
api-detail: GOOGLE_STUDIO_API_KEY_2 UNAVAILABLE: This model is currently experiencing high demand. Spikes in demand are usually temporary. Please try again later.
processed 243/923 208bcaa88cc8717d834cedeb48dea7842853dda9f670c9f8f4937d7d702bc461 key=GOOGLE_STUDIO_API_KEY replacements=14 evidence=11 paired_evidence=28
processed 245/923 8504af2d705c41416233f36bb5ca22e709dab23746addc210f0616a6ba8a001d key=GOOGLE_STUDIO_API_KEY replacements=15 evidence=6 paired_evidence=11
processed 246/923 e2bf342e907e3c92738f3753b95e9cab67257d6e61921289becc4e36983133b1 key=GOOGLE_STUDIO_API_KEY replacements=15 evidence=19 paired_evidence=27
processed 247/923 930d3a60a57442d574db5fc1367cd049126f9cfaccec769c2de6f51223a3982e key=GOOGLE_STUDIO_API_KEY replacements=14 evidence=9 paired_evidence=15
processed 248/923 da7e61e70c3aad4183cd03987e5dcd4b23aa567e584040c1307554c6f88df23b key=GOOGLE_STUDIO_API_KEY replacements=15 evidence=9 paired_evidence=17
processed 249/923 f059c7e458352efe96bf18726d5cb5dc183efa641a124f3d4807631feea4056a key=GOOGLE_STUDIO_API_KEY replacements=16 evidence=8 paired_evidence=15
processed 244/923 e39daed17c4689bda0ed96bda414c67a5110e06c6a11ae9ddd004dd47ecafc8b key=GOOGLE_STUDIO_API_KEY_2 replacements=19 evidence=8 paired_evidence=13
processed 250/923 6c4fbb1a15ebe9c3199d2e2391307bea0a7c0474f333a6d9b0ad8121fda5a1a7 key=GOOGLE_STUDIO_API_KEY replacements=15 evidence=10 paired_evidence=20
processed 251/923 ba06c701d04b64d16b952297488525d3ec14b50867f96fb9bbd4a3fe4b04e206 key=GOOGLE_STUDIO_API_KEY_2 replacements=14 evidence=11 paired_evidence=21
waiting: GOOGLE_STUDIO_API_KEY_2 HTTP 500; retry in 300 seconds for de5c9b3275745ed100fd9d1abd7885a58dc0fc519eb7182e90e87b5a2736c281
api-detail: GOOGLE_STUDIO_API_KEY_2 INTERNAL: Internal error encountered.
processed 252/923 e4ae44e8b69e619d9b012e4806136a0442b5f71653131600397979f18b2ef8c6 key=GOOGLE_STUDIO_API_KEY replacements=9 evidence=8 paired_evidence=12
processed 254/923 b7a31d44ca17c8af3c38c888984b9fc155de2d4aa726aa8fab58d86beeacf4f4 key=GOOGLE_STUDIO_API_KEY replacements=26 evidence=12 paired_evidence=19
processed 255/923 5dec8dbe578c976e2396a11b155dd4e7e942fe5293dd4323d5c6cab3276cb9d0 key=GOOGLE_STUDIO_API_KEY replacements=12 evidence=13 paired_evidence=23
processed 256/923 368ad2d633442037c06f379932e3b43d6a1d8af6b1c1c1184a6fdc9a55fdcd39 key=GOOGLE_STUDIO_API_KEY replacements=18 evidence=11 paired_evidence=26
processed 257/923 8fed1b30cad7a2b7985852265516af9d8a21238f2dc603eeccf1f940f894c514 key=GOOGLE_STUDIO_API_KEY replacements=11 evidence=8 paired_evidence=16
skipped-empty 258/923 420d545f3093e6083d6f65e1c260adfe755eb56c1e1ae69d8c1d5ddca9a722df key=GOOGLE_STUDIO_API_KEY
waiting: GOOGLE_STUDIO_API_KEY_2 HTTP 503; retry in 600 seconds for de5c9b3275745ed100fd9d1abd7885a58dc0fc519eb7182e90e87b5a2736c281
api-detail: GOOGLE_STUDIO_API_KEY_2 UNAVAILABLE: This model is currently experiencing high demand. Spikes in demand are usually temporary. Please try again later.
processed 259/923 87788af44b4c5da646f963160958d2935443d49bf3a4f3fcb6e357c23aa0cbcf key=GOOGLE_STUDIO_API_KEY replacements=10 evidence=5 paired_evidence=10
processed 260/923 58b13e2896831cbb624f56e09622e4112267d3f190af08c06b1d43d5b366cf45 key=GOOGLE_STUDIO_API_KEY replacements=14 evidence=7 paired_evidence=11
processed 261/923 85376c48b19b25a30c57a889a8b7a74346fd10988f2de82ab7f3eaaf6e8d478b key=GOOGLE_STUDIO_API_KEY replacements=11 evidence=9 paired_evidence=17
skipped-oversize 262/923 7ceb620404b8927dd0a246c453c696d79a96936eabdaeb89e5c4e97bf8d391c1 key=GOOGLE_STUDIO_API_KEY
processed 263/923 c1135613017f7024d5502f11ddbf1ddc9e7e0a95a62e2406111057f37be36bb1 key=GOOGLE_STUDIO_API_KEY replacements=15 evidence=3 paired_evidence=21
processed 264/923 06ca8021ff52948e32501ada9d5b05eef53ea0520a08430100159481e23f117f key=GOOGLE_STUDIO_API_KEY replacements=10 evidence=2 paired_evidence=11
processed 265/923 8d52c44051011657d3c146710e075b52d65291557feba8d79c0e8b3e71819e91 key=GOOGLE_STUDIO_API_KEY replacements=17 evidence=8 paired_evidence=18
processed 266/923 3bcf1a27c6f74779c8ba63ed875779341556cd6b5e29eb82e8b125c6a3d3c370 key=GOOGLE_STUDIO_API_KEY replacements=14 evidence=23 paired_evidence=43
processed 267/923 346ccc4788946cd11ed4af07763310092289dcc8946bcd19e49d0711accf7648 key=GOOGLE_STUDIO_API_KEY replacements=14 evidence=16 paired_evidence=24
processed 268/923 501941328f527c2c64e7d1de7d7de5cde51663fedbe107283a4ad6269e006a3d key=GOOGLE_STUDIO_API_KEY replacements=15 evidence=11 paired_evidence=23
processed 269/923 8d1fd4102ec7b9f9365fa59dce7b6dc5c0d52928aaca2444252fa55b10479d11 key=GOOGLE_STUDIO_API_KEY replacements=12 evidence=13 paired_evidence=24
waiting: GOOGLE_STUDIO_API_KEY_2 HTTP 500; retry in 1200 seconds for de5c9b3275745ed100fd9d1abd7885a58dc0fc519eb7182e90e87b5a2736c281
api-detail: GOOGLE_STUDIO_API_KEY_2 INTERNAL: Internal error encountered.
processed 270/923 2f02c84ecf2e466e5cc23dd9e15c4800c6c631462d77278e298b68015f25333e key=GOOGLE_STUDIO_API_KEY replacements=18 evidence=11 paired_evidence=22
processed 271/923 2a9e21fad553b7703f01471a6df7a7c7c1f0e65b421d156bf641167e37f0b3b3 key=GOOGLE_STUDIO_API_KEY replacements=15 evidence=6 paired_evidence=11
processed 272/923 89d6bc18c04aadc90dee5075bb869fc069179e01e813a3470d8c0743bee5a2d0 key=GOOGLE_STUDIO_API_KEY replacements=15 evidence=12 paired_evidence=27
processed 273/923 9ca777753ab170ab682cae3ca463528026c73c0cde713d4e981a4cf6fda8c0f1 key=GOOGLE_STUDIO_API_KEY replacements=9 evidence=9 paired_evidence=14
processed 274/923 1425aeef560ea828f5a2f2245ecc94a7f416b2fd1b8944cf7d5107126c0bd43e key=GOOGLE_STUDIO_API_KEY replacements=21 evidence=12 paired_evidence=25
processed 275/923 ab0078cf2da6ec6d474471902924da487571f26d653574e12282a818eb089339 key=GOOGLE_STUDIO_API_KEY replacements=10 evidence=1 paired_evidence=13
processed 276/923 da26813c33cdf77ecc35668c26597bc43821bffbcbef31e6b80f677728ba8906 key=GOOGLE_STUDIO_API_KEY replacements=24 evidence=17 paired_evidence=27
processed 277/923 236813deba72012890bc97a31f1c0d60c16f01993685eb9b940d14206e18ebd1 key=GOOGLE_STUDIO_API_KEY replacements=17 evidence=14 paired_evidence=27
processed 278/923 3eecf56bd3f68b7f03d0fdc40ed062d48cd09201e0f19f5151a65fb69d942a36 key=GOOGLE_STUDIO_API_KEY replacements=18 evidence=8 paired_evidence=16
processed 279/923 a9b2ba2003fd23ea5c002669f061073d1d5543a7125730833cda41ddfd6f71d4 key=GOOGLE_STUDIO_API_KEY replacements=12 evidence=10 paired_evidence=18
processed 280/923 5c9661948f6a1f5308a1caac2586787083d9202ccfaaa8ef4269f69252290a7b key=GOOGLE_STUDIO_API_KEY replacements=16 evidence=12 paired_evidence=23
skipped-empty 281/923 4de3b8a3be5f293573afc1d0a2764fe49af2c2ba12206ebf654719eb762f3bb0 key=GOOGLE_STUDIO_API_KEY
processed 282/923 0f3a0f21927f0367d0796e3b1ec4c07cb3ef791fde3d2274f23b9f9c1736009a key=GOOGLE_STUDIO_API_KEY replacements=13 evidence=12 paired_evidence=19
processed 283/923 5ba0e985fccbf28f471f29459549ab4828c3af4ddac5d534d46e04957a3774a9 key=GOOGLE_STUDIO_API_KEY replacements=9 evidence=6 paired_evidence=13
processed 284/923 101300fc546504373418ebf6209aae3376926a3dc2921a55713e77bb8526d1d4 key=GOOGLE_STUDIO_API_KEY replacements=15 evidence=10 paired_evidence=24
processed 285/923 c83d6485f572d3c784a952607f9bc4490181f214e34179ca4454a2d5a0ecc0cf key=GOOGLE_STUDIO_API_KEY replacements=18 evidence=6 paired_evidence=14
processed 286/923 9b90b63922134593dee206f4d523bb2a618450e917b5c2c8513df0cc6c45c7c0 key=GOOGLE_STUDIO_API_KEY replacements=14 evidence=7 paired_evidence=14
processed 287/923 f98ce7f04b4d9af0df46c8e7110dd014500b96357c0447fe92f88fc4bccab187 key=GOOGLE_STUDIO_API_KEY replacements=12 evidence=6 paired_evidence=10
processed 288/923 334e2c3103f74bb7454ba71fcc99901ccc8a7f6d94dde9aee62b2472835a33e2 key=GOOGLE_STUDIO_API_KEY replacements=16 evidence=6 paired_evidence=22
processed 289/923 85d168864fd387960f2bcd19ccc415a16b44c50d055c23162add448a5664b11f key=GOOGLE_STUDIO_API_KEY replacements=20 evidence=28 paired_evidence=34
processed 290/923 bad7fa93cd9655464300b70e361770723845abb30a0e5cca3798f2afa2a128b1 key=GOOGLE_STUDIO_API_KEY replacements=11 evidence=11 paired_evidence=31
skipped-oversize 291/923 31011c24814b83bca79113c03038199b702abc16ca5edb9fca0162979152fbd4 key=GOOGLE_STUDIO_API_KEY
skipped-transient 253/923 de5c9b3275745ed100fd9d1abd7885a58dc0fc519eb7182e90e87b5a2736c281 key=GOOGLE_STUDIO_API_KEY_2
processed 292/923 bb9d5a9e1471b6d1ba7ebc22f4289194c75b2af0a76905a45e529aced971b2c0 key=GOOGLE_STUDIO_API_KEY replacements=55 evidence=12 paired_evidence=26
skipped-oversize 294/923 34294366d51ebabed98f37f1f7fcd28670e344b88b0866baf0398fb16270bb0b key=GOOGLE_STUDIO_API_KEY
processed 293/923 b60de86b94250fa1526e1ed0e54c8f18a2fde02183671c7956efd89593461453 key=GOOGLE_STUDIO_API_KEY_2 replacements=14 evidence=14 paired_evidence=32
processed 295/923 c1f448fb57a78ef3f6841db2b14bfe9e46bc4aa1bac19b28349f71a77be65e19 key=GOOGLE_STUDIO_API_KEY replacements=15 evidence=17 paired_evidence=33
processed 296/923 be7ac9074aad372092df33210d46dce74c040c3bae9db8259876ee24928624f3 key=GOOGLE_STUDIO_API_KEY_2 replacements=12 evidence=12 paired_evidence=20
waiting: GOOGLE_STUDIO_API_KEY_2 HTTP 429; retry in 300 seconds for 33587a26f5924decf275b3950e79c2104dedf19a605cae44a592844096deebfb
api-detail: GOOGLE_STUDIO_API_KEY_2 RESOURCE_EXHAUSTED: You exceeded your current quota, please check your plan and billing details. For more information on this error, head to: https://ai.google.dev/gemini-api/docs/rate-limits. To monitor your current usage, head to: https://ai.dev/rate-limit. * Quota exceeded for metric: generativelanguage.googleapis.com/generate_content_free_tier_input_token_count, limit: 16000, model: gemma-4-31b Please retry in 14.247422282s.
processed 297/923 123c092adc5d2915df8df63aace03aeb1d3db7e9ded7480f5042730b0106de1c key=GOOGLE_STUDIO_API_KEY replacements=15 evidence=9 paired_evidence=18
processed 299/923 cfc9e05685f7bfca8a712e2ad9563e773771fe9d620c1e1e3b1d8e55a6ff390b key=GOOGLE_STUDIO_API_KEY replacements=14 evidence=7 paired_evidence=15
processed 300/923 b1740becd8ce1186d5d6a5fadc8b3dd5fa53acf8a2476f9a184edc519cd94bad key=GOOGLE_STUDIO_API_KEY replacements=12 evidence=8 paired_evidence=15
processed 301/923 e38468f74cdb621b26af0b73a142b981352793e5e9552e62dd7d13c4c50ed842 key=GOOGLE_STUDIO_API_KEY replacements=16 evidence=11 paired_evidence=21
processed 302/923 3defa8c09f3d88abbc8450a9a95ab48866d52c3afa02defb0a329009fca8b444 key=GOOGLE_STUDIO_API_KEY replacements=14 evidence=2 paired_evidence=7
waiting: GOOGLE_STUDIO_API_KEY_2 HTTP 503; retry in 600 seconds for 33587a26f5924decf275b3950e79c2104dedf19a605cae44a592844096deebfb
api-detail: GOOGLE_STUDIO_API_KEY_2 UNAVAILABLE: This model is currently experiencing high demand. Spikes in demand are usually temporary. Please try again later.
processed 303/923 1b3996f76ccf89dca145ecdfab45cf4735ee92ed5f9c6e1f5508e0d0f9b24c2b key=GOOGLE_STUDIO_API_KEY replacements=15 evidence=17 paired_evidence=28
processed 304/923 7f86a6550b67c3be7bfe04a9532a46e01d5cbe8cdefd585e4eac7b9aaf5e58ae key=GOOGLE_STUDIO_API_KEY replacements=15 evidence=12 paired_evidence=29
processed 305/923 2e64d53599c676607e699befe4b1464d3a931424626c1381da5a5fe147a4ea44 key=GOOGLE_STUDIO_API_KEY replacements=13 evidence=7 paired_evidence=12
processed 306/923 7120482518341b81bd36c6ff8acaf01669c1da1fe7dcb2c090ebc224bf0d08bc key=GOOGLE_STUDIO_API_KEY replacements=9 evidence=6 paired_evidence=11
processed 307/923 cd2079b58edc6c82b8d7fa39dc0df94dd129e2969dbc1f43cc00e1931bdb5897 key=GOOGLE_STUDIO_API_KEY replacements=13 evidence=5 paired_evidence=9
processed 308/923 00b4b4f6521f89d7fcb77de2707eb92c1928a1ba529eaa8f73f4cae5d406c647 key=GOOGLE_STUDIO_API_KEY replacements=14 evidence=10 paired_evidence=15
processed 309/923 fece93846f1ad439da7f80ed06ff629e0de9be556948d8635ad312b91abaf8bf key=GOOGLE_STUDIO_API_KEY replacements=8 evidence=5 paired_evidence=21
processed 310/923 592029b428d58be27c1f54ef3d5adc1b63b8081338a0818d4729333dbe7d59f0 key=GOOGLE_STUDIO_API_KEY replacements=15 evidence=8 paired_evidence=12
processed 311/923 34f7f9c30f9e6c6fda529712cc6a5659bf06c661059e4ca2488b3768b02927ca key=GOOGLE_STUDIO_API_KEY replacements=11 evidence=7 paired_evidence=13
processed 312/923 7be69c37450abd464130cc993edc7abf9fb4279983497cd773bafe87f32f3411 key=GOOGLE_STUDIO_API_KEY replacements=23 evidence=15 paired_evidence=20
processed 313/923 21d0eb96ea1928d70fc21b7d9069fb2714849584f8dc1445be2693d37db92018 key=GOOGLE_STUDIO_API_KEY replacements=8 evidence=3 paired_evidence=19
waiting: GOOGLE_STUDIO_API_KEY_2 HTTP 500; retry in 1200 seconds for 33587a26f5924decf275b3950e79c2104dedf19a605cae44a592844096deebfb
api-detail: GOOGLE_STUDIO_API_KEY_2 INTERNAL: Internal error encountered.
processed 314/923 bf794e6b5ac986dbc0ee41d73fb5d9ebd49247b643da677a125f178616e5f427 key=GOOGLE_STUDIO_API_KEY replacements=23 evidence=12 paired_evidence=21
processed 315/923 12b0c632bd0c7748dce13659c03641e90d0f1dd11475544f93525beb627b6279 key=GOOGLE_STUDIO_API_KEY replacements=15 evidence=7 paired_evidence=17
processed 316/923 aeb0a88f3dfd2cb61157659760e490368007a551e0240f0537ede19e9b48a7f4 key=GOOGLE_STUDIO_API_KEY replacements=15 evidence=9 paired_evidence=15
processed 317/923 97566cb24bb69488aa8e3698ae2ef6af11bbdb306ed92982fe58c69020a612dd key=GOOGLE_STUDIO_API_KEY replacements=14 evidence=9 paired_evidence=16
processed 318/923 af9cb7d091e5ee1e439c7ed3d903cc226fb0bb82c75e8e9828fec8cd265ea1f3 key=GOOGLE_STUDIO_API_KEY replacements=8 evidence=2 paired_evidence=6
processed 319/923 8e8447c68e5b611881d1b247ede5bceefa82a024d5d8b96b1e45bc8e092b94dc key=GOOGLE_STUDIO_API_KEY replacements=16 evidence=6 paired_evidence=14
processed 320/923 366685f687f13ee057e27f2208bbb01e16279b5579e87d396550593e1b7cbf93 key=GOOGLE_STUDIO_API_KEY replacements=10 evidence=1 paired_evidence=7
processed 321/923 ba7bc9f99c0854f5e254ef15a0c6ac3f74aa193902bb23ef30e1aa4addd3d8a5 key=GOOGLE_STUDIO_API_KEY replacements=12 evidence=9 paired_evidence=18
processed 322/923 ecd8d8d7efc02390a7e59effa2e17e2e539349b20035caf5dfc957668d9a446a key=GOOGLE_STUDIO_API_KEY replacements=11 evidence=8 paired_evidence=15
processed 323/923 9744906640ccea651944c86ff74d975ee43775470c27dbb51cb5ecc2576957fe key=GOOGLE_STUDIO_API_KEY replacements=25 evidence=13 paired_evidence=22
processed 324/923 be39b973fd1ad64ec76a1ab65d07162bbbdeb802c919be7ea752b22e0c8ccad1 key=GOOGLE_STUDIO_API_KEY replacements=13 evidence=11 paired_evidence=19
processed 325/923 0fad1ee3e650b8c9ee6f03a9f75f7d0c89ad1605bc839dc372570e7b51026716 key=GOOGLE_STUDIO_API_KEY replacements=11 evidence=7 paired_evidence=13
processed 326/923 c3c8c4018bdf6bea03659d9995b620cedd9ea716cb1bee17e24d27263e82e1f1 key=GOOGLE_STUDIO_API_KEY replacements=19 evidence=12 paired_evidence=24
processed 327/923 189628bd744a30a9ae1eb0e3dd6eee14220fd8c5f01c3f200a5548c646c83090 key=GOOGLE_STUDIO_API_KEY replacements=13 evidence=7 paired_evidence=14
processed 328/923 e4151a276cf621c37973759883daddac364c8f2693bbdb4e66d1966f717edd29 key=GOOGLE_STUDIO_API_KEY replacements=13 evidence=8 paired_evidence=12
processed 329/923 5ede6b46e74d18de6585bbd78264bb60ede25fb6ce8e6d5434a4706b263ff3a1 key=GOOGLE_STUDIO_API_KEY replacements=14 evidence=9 paired_evidence=13
processed 330/923 334a69d67dea118bf94e48df7a396e77ef9e71c7ea0999b5b0eceb85683c2e40 key=GOOGLE_STUDIO_API_KEY replacements=17 evidence=14 paired_evidence=22
processed 331/923 c401c91213d46f3bd30d9112a41949741558365b28e227a550d5f30d8372aabd key=GOOGLE_STUDIO_API_KEY replacements=14 evidence=5 paired_evidence=9
processed 332/923 64488856b1741340bcadb43c58c298e8508076f2c32ffa365dc9390a1ef2b90a key=GOOGLE_STUDIO_API_KEY replacements=18 evidence=13 paired_evidence=20
processed 333/923 083c55373c6b18e567556e335d14a4e19e7c1831d06474eb09645d7bf45cc7cd key=GOOGLE_STUDIO_API_KEY replacements=9 evidence=8 paired_evidence=13
processed 334/923 8f430a14a858f95e654d755e17aca0b71e9e2ebd789d04b1679fc44955971b4f key=GOOGLE_STUDIO_API_KEY replacements=15 evidence=7 paired_evidence=15
skipped-oversize 335/923 3deeadfea05be98a7bd300f1fa2849d990230d3602da5a15c8ea7eeca72869e6 key=GOOGLE_STUDIO_API_KEY
waiting: GOOGLE_STUDIO_API_KEY_2 HTTP 500; retry in 2400 seconds for 33587a26f5924decf275b3950e79c2104dedf19a605cae44a592844096deebfb
api-detail: GOOGLE_STUDIO_API_KEY_2 INTERNAL: Internal error encountered.
processed 336/923 f56b04262af442122c8c1621f9d41183c2ee3d01ccc39466b9209a9ef4cf7e16 key=GOOGLE_STUDIO_API_KEY replacements=19 evidence=8 paired_evidence=12
processed 337/923 89b9c99d2071f2130f786109dd1469ac945d733474671359f800826537b374c0 key=GOOGLE_STUDIO_API_KEY replacements=15 evidence=7 paired_evidence=15
processed 338/923 1e3e98007ece63b781c230ed960af06a3988071c38f94740008da2ad6597106a key=GOOGLE_STUDIO_API_KEY replacements=18 evidence=12 paired_evidence=17
processed 339/923 9a2b94ebe8b19be47fc8c1c897c38035cbc247cc11bdb70227c74cf360ab1dcc key=GOOGLE_STUDIO_API_KEY replacements=8 evidence=2 paired_evidence=12
processed 340/923 61ea914cf50765b9736d50e02d598bb6dafc3d8bbe2b27f5ab64c4b3d8d8df6a key=GOOGLE_STUDIO_API_KEY replacements=13 evidence=9 paired_evidence=16
processed 341/923 5745d6d8f7dbeb74cce3fd36df7c71ee605510342b3f837bedc9406fa0140ff9 key=GOOGLE_STUDIO_API_KEY replacements=10 evidence=8 paired_evidence=12
processed 342/923 474b6679c326cb69d8545a73d75ded0aea0ba968728970339037afa0c6ca2fe3 key=GOOGLE_STUDIO_API_KEY replacements=14 evidence=14 paired_evidence=29
processed 343/923 312447f95ee8ea976e2a163bca9b54fa49836e25789a3787034600058d0853f7 key=GOOGLE_STUDIO_API_KEY replacements=9 evidence=6 paired_evidence=12
processed 344/923 f412094ffcb34b6bf3eda7c5a7c95c729168f4ff2546b2f446210b79e2d5302b key=GOOGLE_STUDIO_API_KEY replacements=6 evidence=2 paired_evidence=9
processed 345/923 60d4ae6a18d72e2538b7d32365023dcffba20bc6f4ed12559f22880deee69efc key=GOOGLE_STUDIO_API_KEY replacements=17 evidence=17 paired_evidence=30
processed 346/923 8c23a86f203f2872f95d95f0c46c89008a32f72c9ac2efafeed2d1a55787addb key=GOOGLE_STUDIO_API_KEY replacements=14 evidence=7 paired_evidence=12
processed 347/923 882db9b21957fa35fc25281f253a7291a9b53f13af70932cf1cd87e23c10139a key=GOOGLE_STUDIO_API_KEY replacements=10 evidence=2 paired_evidence=8
processed 348/923 f407521c4fec1d078be9e6ef928196e28615aa6847694ea0513aed103e58adc1 key=GOOGLE_STUDIO_API_KEY replacements=8 evidence=5 paired_evidence=11
processed 349/923 069086d92b9443940fcc101144afb14b85998782bb6a4b00cef3f420bff9f7c1 key=GOOGLE_STUDIO_API_KEY replacements=13 evidence=11 paired_evidence=34
processed 350/923 db19372a644fd422c78e835577501e09c1c7e56ac0d8fa7571815b2c969de172 key=GOOGLE_STUDIO_API_KEY replacements=16 evidence=6 paired_evidence=19
processed 351/923 75ced92afe0904dd970a4c2461cad7fa8ed99012bcc050a49f8a856cfc641180 key=GOOGLE_STUDIO_API_KEY replacements=10 evidence=6 paired_evidence=12
processed 352/923 8088e9184580b601844c570c07e5fec57e27cd2d9a1716bb70577485b90d690b key=GOOGLE_STUDIO_API_KEY replacements=19 evidence=14 paired_evidence=23
processed 353/923 545302a5cf16d60570e7ac0a65dbbc0a79651e6d2cbb8c2033fc351b6f0a2b8e key=GOOGLE_STUDIO_API_KEY replacements=27 evidence=12 paired_evidence=27
processed 354/923 5b1f9d8f8b391d56b2881d02c297e92db7a4cf9bbd0eb446cf0c6674ead3085e key=GOOGLE_STUDIO_API_KEY replacements=14 evidence=9 paired_evidence=17
processed 355/923 ed9ce8c73085a350b7e5ec7a1810e9e949f8caea0cd702238cec31c912aa1513 key=GOOGLE_STUDIO_API_KEY replacements=10 evidence=10 paired_evidence=15
processed 356/923 7cc246f676b182f3f5bbdf6bf529031551c8c40647443a763616dcc7c920ef75 key=GOOGLE_STUDIO_API_KEY replacements=8 evidence=11 paired_evidence=13
processed 357/923 c3bdfa0069ba455363c62d70745505ad95bd99edb6ab03bb145a39bf0e871ca3 key=GOOGLE_STUDIO_API_KEY replacements=14 evidence=15 paired_evidence=30
processed 358/923 7eefa5545e44d63a307af46ebefb7dc397bce4ad5e2fc4436374b9c653c8a7a3 key=GOOGLE_STUDIO_API_KEY replacements=8 evidence=11 paired_evidence=21
processed 359/923 760580db06cd61e8c32c7aa847533711ce287daf367035d37a9b054c70ddea20 key=GOOGLE_STUDIO_API_KEY replacements=16 evidence=13 paired_evidence=24
processed 360/923 e43bc557c9f6d39f1a813d687ff8014e2f4c4e299f4a9fa8c9d1050269cdb033 key=GOOGLE_STUDIO_API_KEY replacements=16 evidence=8 paired_evidence=16
processed 361/923 438ac01b47481f28cd833f6b8a382537f6208f3559c913db741d6144229ccd10 key=GOOGLE_STUDIO_API_KEY replacements=13 evidence=10 paired_evidence=17
processed 362/923 941d79aa8c1953f4f2c0bc1b57623bb5307e9736a230f4030ad0d6f30881adcf key=GOOGLE_STUDIO_API_KEY replacements=16 evidence=6 paired_evidence=23
processed 363/923 1ccfd8e7413f41d9def15a2abb2f61365fe91cb4875f5ae77cedceb1cfcb9c2e key=GOOGLE_STUDIO_API_KEY replacements=8 evidence=8 paired_evidence=17
processed 364/923 76707c23c113caff0c4586452e9b93358cd81d840485a464d97e8f51c6057b7c key=GOOGLE_STUDIO_API_KEY replacements=14 evidence=14 paired_evidence=24
processed 365/923 9701c1e88dccc8ace6c5805eb70eb66db38e1ac8c1cbdeec320ced131b28bb87 key=GOOGLE_STUDIO_API_KEY replacements=11 evidence=1 paired_evidence=6
processed 366/923 9993e56b3e5f0c2b2ab36d27fed3c84f89938d3a45b868fa587c5d7bf92dc94f key=GOOGLE_STUDIO_API_KEY replacements=23 evidence=11 paired_evidence=20
processed 367/923 6a66cabc1c013ffd5a4bb71749889cfbb2ec1ee91461b5bd2319d67868d9e0ff key=GOOGLE_STUDIO_API_KEY replacements=6 evidence=4 paired_evidence=9
processed 368/923 634ab448be3105447d7470f020ac1879622aa3cf60490e262719f743d73548e1 key=GOOGLE_STUDIO_API_KEY replacements=11 evidence=9 paired_evidence=20
processed 369/923 883962b7e2b7a5778f4645a7aa313b04a868970ee3406c8e0ce54f6b6bb688bb key=GOOGLE_STUDIO_API_KEY replacements=19 evidence=17 paired_evidence=30
processed 370/923 9e6e4e7d779ef00495fc6b76bd6869be2ef2f555988ea2a84c31be9bd270ce96 key=GOOGLE_STUDIO_API_KEY replacements=16 evidence=4 paired_evidence=14
processed 371/923 fe28df96828d897d9eadf84fb4302951818cd808cab90720bd7208cdf65cab74 key=GOOGLE_STUDIO_API_KEY replacements=16 evidence=6 paired_evidence=10
processed 372/923 6e5b2178bb39cc7d90a2f9d66f249af5fd9108a5d7b63daa9f1d52a3c665154b key=GOOGLE_STUDIO_API_KEY replacements=12 evidence=4 paired_evidence=8
processed 373/923 fce22a3faa564306ecd664f0f5fc0c4b29d70289ee2030f643bb049900907e6a key=GOOGLE_STUDIO_API_KEY replacements=16 evidence=5 paired_evidence=12
processed 374/923 a64720f29f3fdf43e2fb542b42bd6315c9969e50b647d8f3ea69024f218a253e key=GOOGLE_STUDIO_API_KEY replacements=16 evidence=4 paired_evidence=17
processed 375/923 8b64d18ae4507bce354e24108a61c16d5b1e7b5ce00f45ccd13b192fcdb659d6 key=GOOGLE_STUDIO_API_KEY replacements=11 evidence=13 paired_evidence=19
processed 376/923 9a39f35eb469db5ff5e0fb60215b4fdb93e311786cd32d88c92a5bad99a5590a key=GOOGLE_STUDIO_API_KEY replacements=14 evidence=8 paired_evidence=16
skipped-transient 298/923 33587a26f5924decf275b3950e79c2104dedf19a605cae44a592844096deebfb key=GOOGLE_STUDIO_API_KEY_2
processed 377/923 06a5e38efa2f6284881d72dd3e5ebc6803bb7b53758926350da503804b0b21bf key=GOOGLE_STUDIO_API_KEY replacements=24 evidence=13 paired_evidence=28
waiting: GOOGLE_STUDIO_API_KEY_2 HTTP 429; retry in 300 seconds for 0c57b5f3445957793ec2bf15613e079839f35c4c48eec742dd3f135e97d5a1b0
api-detail: GOOGLE_STUDIO_API_KEY_2 RESOURCE_EXHAUSTED: You exceeded your current quota, please check your plan and billing details. For more information on this error, head to: https://ai.google.dev/gemini-api/docs/rate-limits. To monitor your current usage, head to: https://ai.dev/rate-limit. * Quota exceeded for metric: generativelanguage.googleapis.com/generate_content_free_tier_input_token_count, limit: 16000, model: gemma-4-31b Please retry in 46.421574821s.
processed 379/923 ba9442d3edfe987bc42e7ac8a74986885a4a7606b7409ac4b7140c3a48bc899a key=GOOGLE_STUDIO_API_KEY replacements=10 evidence=10 paired_evidence=21
processed 380/923 e16d0a298f44dd0f5925ab4bc4a1a8dd19877894969d8fee8682e05a3e464f42 key=GOOGLE_STUDIO_API_KEY replacements=11 evidence=8 paired_evidence=16
processed 381/923 affb995315f89e7c48bcfa2d6fb7e0cfa634237c66e8ae05e80102f487fbf053 key=GOOGLE_STUDIO_API_KEY replacements=18 evidence=15 paired_evidence=27
processed 382/923 19932bc1bde468c3a9c6454eb9bf5f45cea55f464a565d3408513b3b87da5b74 key=GOOGLE_STUDIO_API_KEY replacements=18 evidence=14 paired_evidence=27
processed 383/923 b08b4cd98ed671adb37e60f63183e01c04e0a7bd250ba488bd098dc5a9d6534a key=GOOGLE_STUDIO_API_KEY replacements=12 evidence=2 paired_evidence=22
processed 384/923 3a0cd8bf371288d409c3bbac660bbae32c963512bc0b7f74c77ce85d9332e3b5 key=GOOGLE_STUDIO_API_KEY replacements=12 evidence=9 paired_evidence=17
processed 378/923 0c57b5f3445957793ec2bf15613e079839f35c4c48eec742dd3f135e97d5a1b0 key=GOOGLE_STUDIO_API_KEY_2 replacements=14 evidence=16 paired_evidence=22
processed 385/923 38aaf9db8f567da8d29400f77ca64bcdd55da84c8313d073ac5e69273c77dd8f key=GOOGLE_STUDIO_API_KEY replacements=12 evidence=14 paired_evidence=22
processed 386/923 8c3e9f8077fae3f411d70838ecbbf58940bf94c323777d51d84220a9a65a3a52 key=GOOGLE_STUDIO_API_KEY_2 replacements=15 evidence=13 paired_evidence=24
processed 387/923 a9df1d45fe25e3c4afec9e9245c897a8f4df7c544e35e056a31c2ccfd4ed1636 key=GOOGLE_STUDIO_API_KEY replacements=18 evidence=7 paired_evidence=14
processed 389/923 a7aab3ce27793b6b1e0602ebd086fd0d67ab3051160cbaa6615f671a31d91699 key=GOOGLE_STUDIO_API_KEY replacements=12 evidence=11 paired_evidence=19
processed 388/923 1f881723f586d77cbcca60cf6856cc52aa8207817d7618ec8ec51c0445381395 key=GOOGLE_STUDIO_API_KEY_2 replacements=16 evidence=11 paired_evidence=21
processed 390/923 2b5de5b7185f1859e28bd46230055893f7d32c564c3d4ee4791127abee96acfb key=GOOGLE_STUDIO_API_KEY replacements=14 evidence=10 paired_evidence=28
processed 392/923 4e536af1847ce6104bb5803a575ed637e3e2a7dd83e8d93583a13c168fd3d5c1 key=GOOGLE_STUDIO_API_KEY replacements=10 evidence=2 paired_evidence=10
processed 391/923 42b11e60dce8ccd7731c73546e7472197704753fa4a86d67c9f49d4815cdf807 key=GOOGLE_STUDIO_API_KEY_2 replacements=9 evidence=15 paired_evidence=25
processed 393/923 d5d6c5f63ac725bbb30db08946c77b0f7d3668266a4572b569b39a09bf162a73 key=GOOGLE_STUDIO_API_KEY replacements=16 evidence=17 paired_evidence=44
waiting: GOOGLE_STUDIO_API_KEY HTTP 429; retry in 300 seconds for ad2bb07e44408e25fafe63b1348e32b83f3576ff11e43409b9b925493bedc775
api-detail: GOOGLE_STUDIO_API_KEY RESOURCE_EXHAUSTED: Resource has been exhausted (e.g. check quota).
processed 394/923 e7c50ae0f8afecbf834e9b417723d85dbf848a8219e2f61e4d82520b8ec46b72 key=GOOGLE_STUDIO_API_KEY_2 replacements=20 evidence=9 paired_evidence=19
processed 396/923 e0016245a4c9c9fa0e608ef07604a64338a060a66c9708df34f8b5528123c9d0 key=GOOGLE_STUDIO_API_KEY_2 replacements=10 evidence=1 paired_evidence=4
waiting: GOOGLE_STUDIO_API_KEY_2 HTTP 503; retry in 300 seconds for a4da0a7acc2da5dd7a2cbfcf198e737a8e61bf24ba4ed9679251fdc6f93be367
api-detail: GOOGLE_STUDIO_API_KEY_2 UNAVAILABLE: This model is currently experiencing high demand. Spikes in demand are usually temporary. Please try again later.
processed 395/923 ad2bb07e44408e25fafe63b1348e32b83f3576ff11e43409b9b925493bedc775 key=GOOGLE_STUDIO_API_KEY replacements=11 evidence=6 paired_evidence=11
waiting: GOOGLE_STUDIO_API_KEY_2 HTTP 500; retry in 600 seconds for a4da0a7acc2da5dd7a2cbfcf198e737a8e61bf24ba4ed9679251fdc6f93be367
api-detail: GOOGLE_STUDIO_API_KEY_2 INTERNAL: Internal error encountered.
processed 398/923 70068b1c6363f84ea4887a24825fe579bf0b524960963f96357a6344cbc87231 key=GOOGLE_STUDIO_API_KEY replacements=12 evidence=17 paired_evidence=23
processed 399/923 31351797d72966ba5e0e350859a23ffeeb40c90bfb7c6c540cb66e42fff407a2 key=GOOGLE_STUDIO_API_KEY replacements=10 evidence=2 paired_evidence=8
processed 400/923 491925112aca2c8101cbe24e63fe58347bd6b5da09d09e8916b50d3668c8f88a key=GOOGLE_STUDIO_API_KEY replacements=12 evidence=10 paired_evidence=22
processed 401/923 1c0933494cb44270f4b15186b4941f33da77b2a970ed7b7dd1d8b2b862428ff1 key=GOOGLE_STUDIO_API_KEY replacements=14 evidence=6 paired_evidence=11
processed 402/923 effe6b6ef53d1187411800e46c9f09e82522a10bfdeaa53b87675c0140ce88e3 key=GOOGLE_STUDIO_API_KEY replacements=26 evidence=17 paired_evidence=27
processed 403/923 34ab8d358713e4ea6a216859dca973c1896fd29f5bca062de65e6347d300e5af key=GOOGLE_STUDIO_API_KEY replacements=14 evidence=5 paired_evidence=11
processed 404/923 5b059315de54f549c271a5b6d15555d216eb1017ace0a8d04d184974a3fcb68c key=GOOGLE_STUDIO_API_KEY replacements=17 evidence=8 paired_evidence=17
processed 405/923 8eb09ca21772fcd36a7acd392425cc76fa0c230b128b66fea46cb3ae14c35154 key=GOOGLE_STUDIO_API_KEY replacements=28 evidence=21 paired_evidence=37
processed 406/923 9e82711d985a02d3e3f390a27bd2f4d7afe75e919ce8ab6f2aa681d72c3d7229 key=GOOGLE_STUDIO_API_KEY replacements=16 evidence=11 paired_evidence=26
processed 397/923 a4da0a7acc2da5dd7a2cbfcf198e737a8e61bf24ba4ed9679251fdc6f93be367 key=GOOGLE_STUDIO_API_KEY_2 replacements=10 evidence=6 paired_evidence=10
waiting: GOOGLE_STUDIO_API_KEY_2 HTTP 503; retry in 300 seconds for f44d092bc4bd8444d2eb088c94bb859159d46909a7d16ff91958f54b90299fe6
api-detail: GOOGLE_STUDIO_API_KEY_2 UNAVAILABLE: This model is currently experiencing high demand. Spikes in demand are usually temporary. Please try again later.
processed 407/923 7ee5f08f123b5ccee91d1ad42b3ada2329ca2ccf82fd5760b386edeef9b8a95f key=GOOGLE_STUDIO_API_KEY replacements=16 evidence=13 paired_evidence=23
processed 409/923 acbb880b991df10761b4da7a1e7ed200a5c0041b25fff0a729fb5b5e93fbc2a5 key=GOOGLE_STUDIO_API_KEY replacements=10 evidence=3 paired_evidence=11
processed 410/923 678f9da316c0247873ace9b621db8663ba46ea58efaf74fad8e64688c7ba75dd key=GOOGLE_STUDIO_API_KEY replacements=15 evidence=3 paired_evidence=11
skipped-empty 411/923 9e7c0328c658c23b19bfe4dc1e88e46b898a4b633f02e7fc743e42ac9d8efe82 key=GOOGLE_STUDIO_API_KEY
processed 412/923 516a632d934875cbca2bf254d63962d0c93d1f3dc5bf54b027ce5e7333426690 key=GOOGLE_STUDIO_API_KEY replacements=19 evidence=11 paired_evidence=21
processed 413/923 bb55ef9b61d5ac19584edf118c953b7c033927d19d76579b633563e718a06643 key=GOOGLE_STUDIO_API_KEY replacements=13 evidence=11 paired_evidence=16
processed 414/923 589185399a45438ea061c87a8e64895f8f9eb0a0b550ffac3e13278c96b6fd28 key=GOOGLE_STUDIO_API_KEY replacements=10 evidence=2 paired_evidence=12
waiting: GOOGLE_STUDIO_API_KEY_2 HTTP 500; retry in 600 seconds for f44d092bc4bd8444d2eb088c94bb859159d46909a7d16ff91958f54b90299fe6
api-detail: GOOGLE_STUDIO_API_KEY_2 INTERNAL: Internal error encountered.
processed 415/923 b7e8b8d5c9e08cc58226a79de17bf5b5ede92160f054ecdb085632918d0c46b1 key=GOOGLE_STUDIO_API_KEY replacements=12 evidence=11 paired_evidence=19
processed 416/923 b9b193a69a3342c1d46fe199f686633bce92868cb48706749e02cfa09bc8e24a key=GOOGLE_STUDIO_API_KEY replacements=16 evidence=7 paired_evidence=15
processed 417/923 88dea5c80f3593e265dd196edf4f000b58717ecebf45b38896e46b854690819d key=GOOGLE_STUDIO_API_KEY replacements=16 evidence=12 paired_evidence=26
processed 418/923 677e8767f71359f693cbf7b798c67d5c641e0123a05c1a0e2aef7f8e6414e0eb key=GOOGLE_STUDIO_API_KEY replacements=56 evidence=31 paired_evidence=39
processed 419/923 93cea2e6c2b3b48fefe061388febd9736103ad85fac9978e4aa5c1a7dcebda27 key=GOOGLE_STUDIO_API_KEY replacements=11 evidence=5 paired_evidence=9
processed 420/923 77df5f67fe39e7ee69556b21af968040590177dced80d991c216b3f6953d06d6 key=GOOGLE_STUDIO_API_KEY replacements=10 evidence=7 paired_evidence=15
processed 421/923 01e3bfd1b0a1f1b1c52482ed4d0da9ad8affbeebd8da92fad4c2e930ec2bd8ac key=GOOGLE_STUDIO_API_KEY replacements=17 evidence=13 paired_evidence=22
processed 422/923 7c1edf3744d68e3bbb49a8fc25d483a4d63df79e2fd7833fa75a5f04ed37bd9b key=GOOGLE_STUDIO_API_KEY replacements=12 evidence=5 paired_evidence=11
processed 423/923 d3ade6fa80a8b2af2f49b40fc4a1b8db127a13e531ea9279db3a3566f3b3c217 key=GOOGLE_STUDIO_API_KEY replacements=11 evidence=8 paired_evidence=16
waiting: GOOGLE_STUDIO_API_KEY_2 HTTP 503; retry in 1200 seconds for f44d092bc4bd8444d2eb088c94bb859159d46909a7d16ff91958f54b90299fe6
api-detail: GOOGLE_STUDIO_API_KEY_2 UNAVAILABLE: This model is currently experiencing high demand. Spikes in demand are usually temporary. Please try again later.
processed 424/923 f30be60f2efbeaacff49a32dacda23cb279cddacb095b5382b8186941a4ac6c3 key=GOOGLE_STUDIO_API_KEY replacements=24 evidence=12 paired_evidence=22
processed 425/923 d220d787db745f4aa85bb6ee6b4923755f73d5559e24b81883e4d343a93aedb7 key=GOOGLE_STUDIO_API_KEY replacements=13 evidence=14 paired_evidence=27
processed 426/923 e1ff195da160bfd29439ff8310a34b3d054ce24686f102537a97250b05a1f2ce key=GOOGLE_STUDIO_API_KEY replacements=19 evidence=19 paired_evidence=29
processed 427/923 5a51c0707af39e354270baccf61eea01ecb08ea7492ba219018492810a7b8d94 key=GOOGLE_STUDIO_API_KEY replacements=12 evidence=10 paired_evidence=23
processed 428/923 98ce5d72d66e1b697c9689a9de527a071c16dd41dc22fd1aa3f7ff289c988fd7 key=GOOGLE_STUDIO_API_KEY replacements=18 evidence=21 paired_evidence=32
processed 429/923 b85e56f256c0d75974b5e2c9f384e553919bf7261dfd2f45a2f94683fb9aeb7f key=GOOGLE_STUDIO_API_KEY replacements=14 evidence=7 paired_evidence=13
processed 430/923 f5a69dc08ed8e553e428144e53c063aaf209afb7c4932dec8e04c6f177d7e90c key=GOOGLE_STUDIO_API_KEY replacements=17 evidence=9 paired_evidence=17
processed 431/923 a636085061b3d03cea439641dea4ce35d82b619cfb274c801a9e6996a57ab7af key=GOOGLE_STUDIO_API_KEY replacements=30 evidence=39 paired_evidence=46
processed 432/923 379a414556305675a803779276ecf099fe25998e6101a36de54a1de0830bc192 key=GOOGLE_STUDIO_API_KEY replacements=10 evidence=8 paired_evidence=15
processed 433/923 b3d31377cde31909ebd4ab6c38edac0bed31d28db794223e0bf4eae746a0be73 key=GOOGLE_STUDIO_API_KEY replacements=27 evidence=7 paired_evidence=14
processed 434/923 6031a9375674e73c7676da8422c8c23b93bd0c2f6b2c91b429ff1a45f7d4d6a4 key=GOOGLE_STUDIO_API_KEY replacements=11 evidence=1 paired_evidence=10
processed 435/923 a384e1a8802029c63549158016a87daf0ce7040602048e7b4c24abed63bbbd5a key=GOOGLE_STUDIO_API_KEY replacements=12 evidence=11 paired_evidence=17
processed 436/923 85b224c14c1d0516f46cd3400030aadbec2d6adf31b5e9e202288c59c2d63f44 key=GOOGLE_STUDIO_API_KEY replacements=15 evidence=7 paired_evidence=13
processed 437/923 3267d7cfb15576344e81651f9fb58a1a53b81ad261c74780d8f7c4a6408321dc key=GOOGLE_STUDIO_API_KEY replacements=8 evidence=4 paired_evidence=10
processed 438/923 c57c3d3706ddc781c62a1463aaf9bcab52b01f2154dfd79d89e03a1df845a174 key=GOOGLE_STUDIO_API_KEY replacements=15 evidence=10 paired_evidence=17
processed 439/923 f47fb7969c76d3f4b707b677f07fd552ec8da11fc650e02ca8fccfd2cac31e1c key=GOOGLE_STUDIO_API_KEY replacements=17 evidence=6 paired_evidence=10
processed 440/923 56e4c4ab84c79b9b6a06ff3af94eb26d0b8fafe8d4241aef0afd43607c6c6468 key=GOOGLE_STUDIO_API_KEY replacements=34 evidence=19 paired_evidence=28
processed 441/923 31aeb2744b139fab67a75be9a271adea55ab37e6e83c5c4e0cea1b4f686fde14 key=GOOGLE_STUDIO_API_KEY replacements=12 evidence=12 paired_evidence=20
processed 408/923 f44d092bc4bd8444d2eb088c94bb859159d46909a7d16ff91958f54b90299fe6 key=GOOGLE_STUDIO_API_KEY_2 replacements=17 evidence=16 paired_evidence=45
processed 442/923 177379d7272cfb47c2e6396c50118fa78d75b8f1e6d9d80aeb94ccbde7ad1f90 key=GOOGLE_STUDIO_API_KEY replacements=13 evidence=7 paired_evidence=13
processed 443/923 62fee3e1c27ee0d0bcf6f22195b9f06222c6ca69453317257d78149f787c9b05 key=GOOGLE_STUDIO_API_KEY_2 replacements=12 evidence=7 paired_evidence=14
waiting: GOOGLE_STUDIO_API_KEY_2 HTTP 500; retry in 300 seconds for 6a44dda0c00a7f12aba331b7b5247718fa3f05894634aa6c8f8f53c1eadac70f
api-detail: GOOGLE_STUDIO_API_KEY_2 INTERNAL: Internal error encountered.
processed 444/923 be4c7f62a29af390aa0944e60c148cb3db3d62f449c65215273cfd4b8c16d78a key=GOOGLE_STUDIO_API_KEY replacements=17 evidence=8 paired_evidence=19
processed 446/923 ef903781ecf06f77c78b0ab1c75730a54eda592ba3bf71c34c67c51b4b751a11 key=GOOGLE_STUDIO_API_KEY replacements=15 evidence=14 paired_evidence=24
processed 447/923 91064121878b0a0a5aa50b81fabd536b03d68180ab323e98264f5112e2d06a0d key=GOOGLE_STUDIO_API_KEY replacements=14 evidence=10 paired_evidence=20
processed 448/923 8450945e3fa948ace932fbd4ca5d5dddeb79adc9fc3e3573eef3e09db0c3cc35 key=GOOGLE_STUDIO_API_KEY replacements=14 evidence=9 paired_evidence=15
processed 449/923 389a334b24026f0f2bf5fb2112162be9a069529a1e2a7298dfaed8b2caa7d63a key=GOOGLE_STUDIO_API_KEY replacements=18 evidence=13 paired_evidence=24
waiting: GOOGLE_STUDIO_API_KEY_2 HTTP 500; retry in 600 seconds for 6a44dda0c00a7f12aba331b7b5247718fa3f05894634aa6c8f8f53c1eadac70f
api-detail: GOOGLE_STUDIO_API_KEY_2 INTERNAL: Internal error encountered.
processed 450/923 b01c4981c20992cd573849150698fdd76aa6bd0c0a554424354ba7a40d3b15f7 key=GOOGLE_STUDIO_API_KEY replacements=11 evidence=8 paired_evidence=18
processed 451/923 62363e510fbbe4a596b71edfc37eb690db9391351586a1f77dcc543978c8fbf5 key=GOOGLE_STUDIO_API_KEY replacements=11 evidence=8 paired_evidence=16
processed 452/923 69b32860cbcf53eaab68e568b4f5acd23709de5586fa992450b0591e72ea775f key=GOOGLE_STUDIO_API_KEY replacements=27 evidence=10 paired_evidence=18
processed 453/923 2ff420722eb95197404eb393197161163bc5a19a4a3291f9a6283c66ded31098 key=GOOGLE_STUDIO_API_KEY replacements=17 evidence=16 paired_evidence=30
processed 454/923 6ef91f53d38599857aeef80c8cf15a619b3f615df5981ecb5ecf5ab278001b26 key=GOOGLE_STUDIO_API_KEY replacements=14 evidence=14 paired_evidence=25
processed 455/923 004e99c746b59364d4da566df1413717ac1eca271ea2cf5495da25c353ffe536 key=GOOGLE_STUDIO_API_KEY replacements=12 evidence=9 paired_evidence=18
processed 456/923 de8c59ba5c89e496f57b5d3e401a8fb7682912817613de6788c8e155fe32002b key=GOOGLE_STUDIO_API_KEY replacements=17 evidence=19 paired_evidence=28
processed 457/923 5db9c5d950bfaf6c3ecc411298886ebe6b1fabab8b29b722637a8e399eb17469 key=GOOGLE_STUDIO_API_KEY replacements=10 evidence=3 paired_evidence=20
processed 458/923 b8837540d214afa6fa9fa737158e5cca0b9af58c3bdeacc6c9688c8619abd987 key=GOOGLE_STUDIO_API_KEY replacements=19 evidence=9 paired_evidence=17
waiting: GOOGLE_STUDIO_API_KEY_2 HTTP 503; retry in 1200 seconds for 6a44dda0c00a7f12aba331b7b5247718fa3f05894634aa6c8f8f53c1eadac70f
api-detail: GOOGLE_STUDIO_API_KEY_2 UNAVAILABLE: This model is currently experiencing high demand. Spikes in demand are usually temporary. Please try again later.
processed 459/923 2eb9c9a9d59e4838b478809e1122d8a3d92810a845018a74bca3760fdcf6138c key=GOOGLE_STUDIO_API_KEY replacements=16 evidence=18 paired_evidence=36
processed 460/923 9b383ac2734bbc7ca829536e07c19ef105044f7802b51f83bf3fd4b1f44112b1 key=GOOGLE_STUDIO_API_KEY replacements=15 evidence=6 paired_evidence=11
processed 461/923 ca73c2aa08add8accbb683a0924e5008541191d3310c85ce81ce96c8499f061c key=GOOGLE_STUDIO_API_KEY replacements=17 evidence=6 paired_evidence=15
processed 462/923 d155710dcc3cf61728eb7b1342a9a907d97ef5e7e3b1c39e1e1863456170878e key=GOOGLE_STUDIO_API_KEY replacements=13 evidence=10 paired_evidence=21
processed 463/923 ef9b539af4bd188679864b45cb9314584d0ac28bcde96306735d7e290f478bb5 key=GOOGLE_STUDIO_API_KEY replacements=18 evidence=7 paired_evidence=14
processed 464/923 06e67c1da7138463a43769a09d331bccdb15cadb63b0636aed09e861f9457c89 key=GOOGLE_STUDIO_API_KEY replacements=12 evidence=7 paired_evidence=10
processed 465/923 43af3168e5972e5736076d5d8264354e0c1056fdd8e78616b7cf1d4d0849c9db key=GOOGLE_STUDIO_API_KEY replacements=12 evidence=7 paired_evidence=13
processed 466/923 dc6a2501418353aca18c94a5b9d81ba4288c358640d0e618db20baaf8b608aba key=GOOGLE_STUDIO_API_KEY replacements=8 evidence=4 paired_evidence=10
processed 467/923 07f63e82848b7d994aeb7abe099915aaaba33b19121f4228105303a0bf196c9c key=GOOGLE_STUDIO_API_KEY replacements=13 evidence=5 paired_evidence=8
processed 468/923 3619f01e9fe01fe4416e823a4e0c409f57cb1c9eafbd8e43f6fa3565144a87f5 key=GOOGLE_STUDIO_API_KEY replacements=11 evidence=9 paired_evidence=18
processed 469/923 d8f2ee3365a27897030e4821220a8e71596c9770f65fc84472508a851de011f8 key=GOOGLE_STUDIO_API_KEY replacements=9 evidence=9 paired_evidence=18
processed 470/923 9a3b4c29080aaa43e73f2160659f286123b6ded55a0df960d5e190a6731fd55b key=GOOGLE_STUDIO_API_KEY replacements=19 evidence=10 paired_evidence=16
processed 471/923 612475cf379b79668795b29f04f105db7f90eddd16181f222fbbacf207758ee2 key=GOOGLE_STUDIO_API_KEY replacements=16 evidence=8 paired_evidence=28
processed 472/923 ef78e3b9fc7f1cd0c723f77cb91854be2dc1aa948d1026b27dda15e8447b7dca key=GOOGLE_STUDIO_API_KEY replacements=7 evidence=2 paired_evidence=8
processed 473/923 54a111e10f4b0b98a614f7e8f9f40a2a726fafeb52b67ee4c967502b0d8ade7d key=GOOGLE_STUDIO_API_KEY replacements=17 evidence=7 paired_evidence=20
processed 474/923 27b5bbfab8dbd95b42d551e30e72c9bac8cfd50f048ccb970ee94904bbd892fc key=GOOGLE_STUDIO_API_KEY replacements=21 evidence=6 paired_evidence=12
processed 475/923 42cbfe092acd6e19012a4c051ed83762830cb5e00e3ea05920e23b4ff69cedf8 key=GOOGLE_STUDIO_API_KEY replacements=11 evidence=6 paired_evidence=13
processed 476/923 5ecb5b788e48be351e5629f8dfc872076e3d00ef0a71e0be2d5654c0d60d9f92 key=GOOGLE_STUDIO_API_KEY replacements=15 evidence=6 paired_evidence=11
processed 477/923 1aa73e9c6efa58860e7e13e18ca1c3e0cbcf029467569fb17aa58d40b5232d40 key=GOOGLE_STUDIO_API_KEY replacements=14 evidence=7 paired_evidence=12
processed 478/923 5fdcb362cd1f406c0fe267b3c848ae8c229775066964d21dde063fb3e578170e key=GOOGLE_STUDIO_API_KEY replacements=15 evidence=15 paired_evidence=33
processed 479/923 80dbb3abec4130d1e00cc486766646765deae7562d843c5ce3f9f23945b9eca0 key=GOOGLE_STUDIO_API_KEY replacements=10 evidence=8 paired_evidence=14
processed 445/923 6a44dda0c00a7f12aba331b7b5247718fa3f05894634aa6c8f8f53c1eadac70f key=GOOGLE_STUDIO_API_KEY_2 replacements=7 evidence=2 paired_evidence=7
processed 480/923 7ddbcd14152f8a44f3cb51569fcb358f492f2b0a16434192890d269880af3f33 key=GOOGLE_STUDIO_API_KEY replacements=24 evidence=28 paired_evidence=42
processed 481/923 a3d9655961159e4219438dc77fe297bdb9de3905e2b6e1e658b8273f53e09af0 key=GOOGLE_STUDIO_API_KEY_2 replacements=15 evidence=5 paired_evidence=10
waiting: GOOGLE_STUDIO_API_KEY_2 HTTP 503; retry in 300 seconds for 7b91a02a43813b6afc16b6399d1adfc778addbf7dbcf3742e0518018cd68abc6
api-detail: GOOGLE_STUDIO_API_KEY_2 UNAVAILABLE: This model is currently experiencing high demand. Spikes in demand are usually temporary. Please try again later.
processed 482/923 f92613910fceab7efb7e4b65849c596b068c2c8267459a5e836489facfc3da48 key=GOOGLE_STUDIO_API_KEY replacements=16 evidence=9 paired_evidence=21
processed 484/923 e52fd8e2c34213d0c7b948ddd6250b77c9909f4c850ad956bf646a71258e878c key=GOOGLE_STUDIO_API_KEY replacements=13 evidence=14 paired_evidence=30
processed 485/923 7018359a18c0693517a83c72afcef40c0a2ce5f435b1d717bb9ccba18617bf12 key=GOOGLE_STUDIO_API_KEY replacements=10 evidence=10 paired_evidence=18
processed 486/923 151fff4ed34b71a57eec7a2db954bd899981ce95c44d91cba9429a14355276f2 key=GOOGLE_STUDIO_API_KEY replacements=28 evidence=12 paired_evidence=25
processed 487/923 9ebc69e8d0d0a678aa400fb208333785e4c5d3c01f9693f001eec2397e21ffdc key=GOOGLE_STUDIO_API_KEY replacements=8 evidence=2 paired_evidence=8
processed 488/923 da1a9099e1082201fcb116e5a9b0e7046911054d36b53b5facd5db8c65eb6863 key=GOOGLE_STUDIO_API_KEY replacements=30 evidence=17 paired_evidence=31
processed 483/923 7b91a02a43813b6afc16b6399d1adfc778addbf7dbcf3742e0518018cd68abc6 key=GOOGLE_STUDIO_API_KEY_2 replacements=21 evidence=10 paired_evidence=14
waiting: GOOGLE_STUDIO_API_KEY_2 HTTP 503; retry in 300 seconds for 8549aa144806dd23986702c0551cb859c9cd966b270daf6a5c9fd6508660e80e
api-detail: GOOGLE_STUDIO_API_KEY_2 UNAVAILABLE: This model is currently experiencing high demand. Spikes in demand are usually temporary. Please try again later.
processed 489/923 d0bd1a3b0934a11042e232f32c8ea40f97b21736e5204478fc216a42fb88b39c key=GOOGLE_STUDIO_API_KEY replacements=16 evidence=8 paired_evidence=16
processed 491/923 54be63fa047a8bd277bef6edf5b5dbd4942bba61aec5338e089e1d17f4313c9c key=GOOGLE_STUDIO_API_KEY replacements=16 evidence=12 paired_evidence=21
processed 492/923 c0e2296bd0b2cac6d67d7f6fcd0c972bf207e261eaef89f519d4f7a7d174bb50 key=GOOGLE_STUDIO_API_KEY replacements=15 evidence=11 paired_evidence=21
processed 493/923 ce551ec95e62d1266167d0a039726fd39feb45163b7588f8ee8e88e19918e161 key=GOOGLE_STUDIO_API_KEY replacements=13 evidence=8 paired_evidence=16
processed 494/923 a568e8089493031c99981d72a6d4aa1e33d0b8fff2e2a633d4e31c588f2c6829 key=GOOGLE_STUDIO_API_KEY replacements=14 evidence=9 paired_evidence=15
waiting: GOOGLE_STUDIO_API_KEY_2 HTTP 503; retry in 600 seconds for 8549aa144806dd23986702c0551cb859c9cd966b270daf6a5c9fd6508660e80e
api-detail: GOOGLE_STUDIO_API_KEY_2 UNAVAILABLE: This model is currently experiencing high demand. Spikes in demand are usually temporary. Please try again later.
processed 495/923 41da434b457ed8991af32a36d0f74fde9223b0e421d8be9ef6df32146866314a key=GOOGLE_STUDIO_API_KEY replacements=17 evidence=18 paired_evidence=29
processed 496/923 ee67f7cd6cea8fd46f9cdb709473343ac8449f9464a1e5654eecda973d41b312 key=GOOGLE_STUDIO_API_KEY replacements=18 evidence=22 paired_evidence=35
processed 497/923 9421304996c5a042b9ac776396bf95d7b5d6dcb4b6972de787906a6ffa16ec7c key=GOOGLE_STUDIO_API_KEY replacements=13 evidence=12 paired_evidence=22
processed 498/923 29f885e84dc1e321897cff81918970ab7e0c5db149e7557153b38054efa81769 key=GOOGLE_STUDIO_API_KEY replacements=14 evidence=10 paired_evidence=18
processed 499/923 ba89a8a5354ffc83d0cdf539b584ad88b8510c9a97cb6902258b2e8ae4d0daf8 key=GOOGLE_STUDIO_API_KEY replacements=14 evidence=11 paired_evidence=21
processed 500/923 d8b6abf166d0cb78d7263626d7c341b0f85c0e87a8f89205b055d5ae96660cda key=GOOGLE_STUDIO_API_KEY replacements=18 evidence=6 paired_evidence=14
processed 501/923 65f3b1f482db1f66fa642b00e0700eaa7802af8007c84dad342228caa24e0954 key=GOOGLE_STUDIO_API_KEY replacements=12 evidence=4 paired_evidence=7
processed 502/923 f94a301f7d6f9206a8dd68b5ae0d78d15f2c32d21d88eeb7a692fb5280217aa2 key=GOOGLE_STUDIO_API_KEY replacements=21 evidence=17 paired_evidence=40
processed 503/923 a9f0c41b987f62d597328e3e57675c9e853c177cbf9efe2b0ae4e8931888f966 key=GOOGLE_STUDIO_API_KEY replacements=8 evidence=5 paired_evidence=11
processed 504/923 63d96163c068685e977dfab754178037b78b085efbcacfae72bd818437c23699 key=GOOGLE_STUDIO_API_KEY replacements=8 evidence=6 paired_evidence=11
waiting: GOOGLE_STUDIO_API_KEY_2 HTTP 500; retry in 1200 seconds for 8549aa144806dd23986702c0551cb859c9cd966b270daf6a5c9fd6508660e80e
api-detail: GOOGLE_STUDIO_API_KEY_2 INTERNAL: Internal error encountered.
processed 505/923 1a6aecc4783af6b9c9b8c6cdddab2e8a64b54211d5a75af24dc617781850991a key=GOOGLE_STUDIO_API_KEY replacements=12 evidence=8 paired_evidence=14
processed 506/923 16f8af30880e71caec1f78a6535dca9483b070184fadfaf730972f778c18d5d8 key=GOOGLE_STUDIO_API_KEY replacements=10 evidence=7 paired_evidence=11
processed 507/923 b048e692e041686e145b2f732a4b0bce54b003475981639c7db8b417917053fc key=GOOGLE_STUDIO_API_KEY replacements=11 evidence=2 paired_evidence=9
processed 508/923 a1e20f27e37a1363b3979dff32976d00ea14e2e35c365f7e2d9c47ddb1ed4f2e key=GOOGLE_STUDIO_API_KEY replacements=9 evidence=1 paired_evidence=14
processed 509/923 afb6d8180b560608addd3a5ddcf82b9590e892532a9506be33e6d8f6fccc4c5a key=GOOGLE_STUDIO_API_KEY replacements=31 evidence=9 paired_evidence=21
processed 510/923 99bc89caa65dad56e2ac44abbbb7538c94bde98ae1701c7d14be4b91132bf32e key=GOOGLE_STUDIO_API_KEY replacements=16 evidence=13 paired_evidence=24
processed 511/923 d4878ba5a10231ed8e1055505000a2aff8e2bf4518f7d952f3ca9f40e33f96cf key=GOOGLE_STUDIO_API_KEY replacements=9 evidence=6 paired_evidence=10
processed 512/923 c68adc834da762583ec5283600ee8eb7f2b58d1e6b6ebdafcb235962d1b582ff key=GOOGLE_STUDIO_API_KEY replacements=12 evidence=10 paired_evidence=19
processed 513/923 33775f97b9172375e2369dc3f5ca23255a39022220cc18ee5becc459b6d3dcbc key=GOOGLE_STUDIO_API_KEY replacements=10 evidence=7 paired_evidence=11
processed 514/923 71c3e57be80426f191e017414bcb25f2721b7f562bd7300a4ccdf7b33dab283e key=GOOGLE_STUDIO_API_KEY replacements=14 evidence=9 paired_evidence=15
processed 515/923 5224f782ea745684f99fad35e65f9398bdc085c45bbc6954f4452c167f63c199 key=GOOGLE_STUDIO_API_KEY replacements=22 evidence=8 paired_evidence=17
skipped-empty 516/923 5fe2340b163595ae1b21799d45b5eac078d3632ceca6b8885e1695233a102fab key=GOOGLE_STUDIO_API_KEY
processed 517/923 ea88a98055253dcd05874fa90c53e8785d2127a095bfb29ebd189fef432c1c7e key=GOOGLE_STUDIO_API_KEY replacements=10 evidence=10 paired_evidence=19
processed 518/923 82b20fb5752cd8d019ae48c271b6f3883abeccb12b9e97501853db23829a6c3b key=GOOGLE_STUDIO_API_KEY replacements=11 evidence=6 paired_evidence=11
processed 519/923 09305030befb3020368bf59a6ee65d15cf7b25f01910c0be0e21ee61a98c6585 key=GOOGLE_STUDIO_API_KEY replacements=15 evidence=6 paired_evidence=13
processed 520/923 849a7e4f1deb2896bb39b0e93a4f3971b82c5b2f18ee6dd153980de175f3b98c key=GOOGLE_STUDIO_API_KEY replacements=9 evidence=6 paired_evidence=11
processed 521/923 8a58fd29d22fca056e1cf254a0ebab87fd4cabd86ff78180dbb36c5ecb16bc83 key=GOOGLE_STUDIO_API_KEY replacements=13 evidence=6 paired_evidence=11
processed 522/923 d4225d622c6f90ab2bc70059568fba7be136e55765fed0bc22a2ede87d470997 key=GOOGLE_STUDIO_API_KEY replacements=16 evidence=5 paired_evidence=15
processed 523/923 69b6dfc1ff6cb50949129369cd8c2bc1e1e7ac92abbc310e30eb794058b87c3f key=GOOGLE_STUDIO_API_KEY replacements=11 evidence=11 paired_evidence=19
processed 524/923 824ab02cefb8a0ae34f28640e45846317e3e5c696fa336e2fcc52bb027523519 key=GOOGLE_STUDIO_API_KEY replacements=14 evidence=8 paired_evidence=15
processed 525/923 20c0eae0750e61f623c3c54b87ff4d3dab694927a9b4f1c78d7f1dd572959bd9 key=GOOGLE_STUDIO_API_KEY replacements=10 evidence=1 paired_evidence=14
processed 526/923 13986e2dc6401f2f333387830d7e9a698a934dfa5405e8257db273bc19861b05 key=GOOGLE_STUDIO_API_KEY replacements=7 evidence=2 paired_evidence=18
processed 527/923 f6fa1d5cd6ee661f6811f885cd6312bf2009602ce8e980c76449a46a0acf0573 key=GOOGLE_STUDIO_API_KEY replacements=13 evidence=14 paired_evidence=30
skipped-transient 490/923 8549aa144806dd23986702c0551cb859c9cd966b270daf6a5c9fd6508660e80e key=GOOGLE_STUDIO_API_KEY_2
waiting: GOOGLE_STUDIO_API_KEY_2 HTTP 503; retry in 300 seconds for 6daeb48fe221e943a9d68dcfe0476598de26c99e1734e631159bc8c05eb492eb
api-detail: GOOGLE_STUDIO_API_KEY_2 UNAVAILABLE: This model is currently experiencing high demand. Spikes in demand are usually temporary. Please try again later.
processed 528/923 bca4104f71609d2585748ffeeaa25a2205b210ea9482969b4973fb90218e8f12 key=GOOGLE_STUDIO_API_KEY replacements=14 evidence=17 paired_evidence=27
processed 530/923 9d544bdc0818b3adfc9dc0b4108749d86fca695e5899d33847fffe1dc2e8bdcb key=GOOGLE_STUDIO_API_KEY replacements=12 evidence=5 paired_evidence=11
processed 531/923 48682c6d26a4699dc8705392e299a2ba721a4aef5860e7ffe5c555f4d8fc9698 key=GOOGLE_STUDIO_API_KEY replacements=15 evidence=7 paired_evidence=24
processed 532/923 5cbae0076ce4a84212b823461fbc6048e0251531497433430197e94b2eff9495 key=GOOGLE_STUDIO_API_KEY replacements=10 evidence=7 paired_evidence=11
processed 533/923 e438cc646721c50c9d82a79daecd88dc82421b5108b02ee0d3dd99e5943ee58c key=GOOGLE_STUDIO_API_KEY replacements=18 evidence=14 paired_evidence=27
processed 534/923 3c51a5336ed10612450ad1ac1693a151c198d8b868a1a842559396ead872a60d key=GOOGLE_STUDIO_API_KEY replacements=14 evidence=9 paired_evidence=17
waiting: GOOGLE_STUDIO_API_KEY_2 HTTP 503; retry in 600 seconds for 6daeb48fe221e943a9d68dcfe0476598de26c99e1734e631159bc8c05eb492eb
api-detail: GOOGLE_STUDIO_API_KEY_2 UNAVAILABLE: This model is currently experiencing high demand. Spikes in demand are usually temporary. Please try again later.
processed 535/923 9bdef8b804f24e193626583ae11d96bfb2ace78bfb92cfe127af82d6ad94589c key=GOOGLE_STUDIO_API_KEY replacements=9 evidence=6 paired_evidence=23
processed 536/923 86b683524be1bc38178aa8fde63f092c559bbe467fdb04567cc5be5d8b5d96a0 key=GOOGLE_STUDIO_API_KEY replacements=19 evidence=12 paired_evidence=23
processed 537/923 ce9126591dac134f37994ee8d630a13c8aff5acdf14e655b3bee388a3e21ad81 key=GOOGLE_STUDIO_API_KEY replacements=16 evidence=14 paired_evidence=22
waiting: GOOGLE_STUDIO_API_KEY HTTP 503; retry in 300 seconds for 4200d16dc8d4ba635dab2364f6f2224b14932b2a2f7f695376f1643a67c44c3d
api-detail: GOOGLE_STUDIO_API_KEY UNAVAILABLE: This model is currently experiencing high demand. Spikes in demand are usually temporary. Please try again later.
processed 538/923 4200d16dc8d4ba635dab2364f6f2224b14932b2a2f7f695376f1643a67c44c3d key=GOOGLE_STUDIO_API_KEY replacements=12 evidence=8 paired_evidence=15
waiting: GOOGLE_STUDIO_API_KEY_2 HTTP 503; retry in 1200 seconds for 6daeb48fe221e943a9d68dcfe0476598de26c99e1734e631159bc8c05eb492eb
api-detail: GOOGLE_STUDIO_API_KEY_2 UNAVAILABLE: This model is currently experiencing high demand. Spikes in demand are usually temporary. Please try again later.
processed 539/923 da92edc224b8ec42892b7e77808a61389aa96b36dc69690aa29a6e60fe9ea439 key=GOOGLE_STUDIO_API_KEY replacements=9 evidence=11 paired_evidence=17
skipped-empty 540/923 b14e36d438c75a49124e17c1feb1391eac4a348474f821eaedf2d27cd77b50a5 key=GOOGLE_STUDIO_API_KEY
processed 541/923 400342457cdffb9dff622f744131728386c7a8bffe49d68466192d737162e292 key=GOOGLE_STUDIO_API_KEY replacements=11 evidence=8 paired_evidence=17
processed 542/923 65e258707036e00b2630e49cbcc4efe687315128200e8c4929b8328fe6b13fb1 key=GOOGLE_STUDIO_API_KEY replacements=17 evidence=15 paired_evidence=32
processed 543/923 2113d450d164126be60aa12b1c2ab8310ad4a6d7a4818c1209b22b2d1ff7c322 key=GOOGLE_STUDIO_API_KEY replacements=17 evidence=1 paired_evidence=11
processed 544/923 10ceb13c9ccdf8f444981a3572eb36f6e6d5c1bb592ea27288e6966366453400 key=GOOGLE_STUDIO_API_KEY replacements=9 evidence=6 paired_evidence=10
processed 545/923 4c95948f9cbd6c66d33ba8e8ed13a00df35882f792ac32bc0518de2ce25b9da8 key=GOOGLE_STUDIO_API_KEY replacements=18 evidence=14 paired_evidence=19
processed 546/923 f0c78a6a75461ed5fba759e737e61a35f82a7335844fb817b35c34ec67f50fd5 key=GOOGLE_STUDIO_API_KEY replacements=11 evidence=2 paired_evidence=5
processed 547/923 4057ecca18093948c5462a4379374ae61c7c662e88b822711ab3d53f9192bfc3 key=GOOGLE_STUDIO_API_KEY replacements=15 evidence=13 paired_evidence=24
processed 548/923 3256f7edac879ad38b923de1afda191ebff17daff20c6154aa1393ee56fd8f6a key=GOOGLE_STUDIO_API_KEY replacements=18 evidence=14 paired_evidence=26
processed 549/923 cb8995d7a46cba05087d9671309ccc094a06f05d757c579e2f6b50b143c0bc9b key=GOOGLE_STUDIO_API_KEY replacements=19 evidence=24 paired_evidence=39
processed 550/923 06a2d8c34a7a51f0ef4fe6917a98988c1ce5d165a82426d90dbc73ab4c681620 key=GOOGLE_STUDIO_API_KEY replacements=17 evidence=10 paired_evidence=30
processed 551/923 67418769fcd3182e0340760314370c93d95923f604cc8a65f4307167d407a86f key=GOOGLE_STUDIO_API_KEY replacements=12 evidence=7 paired_evidence=14
processed 552/923 3f471e91d5b2eebbc5dc0b6ebf7af7aab7cb1d607c455ec265cd46be011ab3dd key=GOOGLE_STUDIO_API_KEY replacements=17 evidence=8 paired_evidence=14
processed 553/923 4ff6373af70aff7a415f1ae1b196a2e013d2f31a563323e4a29748212872b761 key=GOOGLE_STUDIO_API_KEY replacements=15 evidence=13 paired_evidence=27
processed 554/923 11bc71fbba7a8a7a0dc7887eb7556a07870d7ff8fdec15ec9c91c5287a0e1a57 key=GOOGLE_STUDIO_API_KEY replacements=17 evidence=12 paired_evidence=22
processed 555/923 ac541ee2af1320daa27f5ba149dd5727bf08b24cfd6aa4a907a94ec93c679152 key=GOOGLE_STUDIO_API_KEY replacements=11 evidence=14 paired_evidence=23
processed 556/923 44351b8cffcfe6028df026270e7fdc7514411cc9f21a7d9a0966e4cb2552c76a key=GOOGLE_STUDIO_API_KEY replacements=14 evidence=3 paired_evidence=11
processed 557/923 24b8c8b0d07da42d6f279b32ffcd6636ee140411644433bd677c82b7acae6e97 key=GOOGLE_STUDIO_API_KEY replacements=16 evidence=14 paired_evidence=27
processed 558/923 8adbc9a0e7797d6b15854c77999dbb58617937e36b39273dba94e874875516b2 key=GOOGLE_STUDIO_API_KEY replacements=10 evidence=15 paired_evidence=26
processed 559/923 9f5ce7d55c8ae1644a920f4eb950e4ff9e1c609e6e4db3f753ddfb21d2e2c028 key=GOOGLE_STUDIO_API_KEY replacements=11 evidence=7 paired_evidence=12
processed 560/923 ebd3bd105c945037ca0ab669ce0605129442dcd0511b338cf8d2066665769209 key=GOOGLE_STUDIO_API_KEY replacements=14 evidence=7 paired_evidence=12
processed 529/923 6daeb48fe221e943a9d68dcfe0476598de26c99e1734e631159bc8c05eb492eb key=GOOGLE_STUDIO_API_KEY_2 replacements=15 evidence=9 paired_evidence=15
waiting: GOOGLE_STUDIO_API_KEY_2 HTTP 503; retry in 300 seconds for 9ac56045d50b4f6f821d6dcd216e44c92d8968e6cc4b3f380d634df7884aaf58
api-detail: GOOGLE_STUDIO_API_KEY_2 UNAVAILABLE: This model is currently experiencing high demand. Spikes in demand are usually temporary. Please try again later.
processed 561/923 9529faeb19ca5b76307792b98160b92d74206c5f4757ff07e3a3755c7e8606e2 key=GOOGLE_STUDIO_API_KEY replacements=18 evidence=7 paired_evidence=13
processed 563/923 779739348b0ef128867e45bbb4271b32a144c6cfe9241bea24c8897ac955f9de key=GOOGLE_STUDIO_API_KEY replacements=13 evidence=10 paired_evidence=21
processed 564/923 c189707ea7b1ac19a9be8b4eb3cfd0f5109e29ec2b31e2f106cb3859bc126d5a key=GOOGLE_STUDIO_API_KEY replacements=17 evidence=15 paired_evidence=24
processed 565/923 8272b0d15b5d3696cdce92dfb456f7f90559f00c4d7891e63428326f79992336 key=GOOGLE_STUDIO_API_KEY replacements=18 evidence=10 paired_evidence=17
processed 566/923 2623aa3906cc2260d9e81f75f53725929efe6ad3b973f360797bdb5f51bcb546 key=GOOGLE_STUDIO_API_KEY replacements=17 evidence=2 paired_evidence=17
processed 567/923 345531818e1800411858cccb806dace3b69d0a1fd589c611762272ccb797cb49 key=GOOGLE_STUDIO_API_KEY replacements=10 evidence=6 paired_evidence=11
processed 568/923 f3e72d16bb11c24d7c4f3a55561378fb48c0878e0cce6a0df8d363329fd1e729 key=GOOGLE_STUDIO_API_KEY replacements=14 evidence=9 paired_evidence=16
processed 562/923 9ac56045d50b4f6f821d6dcd216e44c92d8968e6cc4b3f380d634df7884aaf58 key=GOOGLE_STUDIO_API_KEY_2 replacements=17 evidence=8 paired_evidence=17
processed 569/923 53175696435897514063a3b34f99137aaf92fce23b9f231a149c93c91fa82046 key=GOOGLE_STUDIO_API_KEY replacements=12 evidence=13 paired_evidence=24
processed 570/923 081183daa59053901edfbb6292c65938fe0a1f7f6ff1c44cfb91b6951c3096d3 key=GOOGLE_STUDIO_API_KEY_2 replacements=9 evidence=9 paired_evidence=18
processed 571/923 a453fb489ca39ec45548718e37d3ee1f449429717fcbe1b599ade01b6d391f8d key=GOOGLE_STUDIO_API_KEY replacements=20 evidence=13 paired_evidence=23
processed 572/923 074c42c80a0def05b892bbc1116109a1df6171d3b19e5c9bee03b247971c1f0c key=GOOGLE_STUDIO_API_KEY_2 replacements=14 evidence=13 paired_evidence=22
skipped-empty 574/923 397166e68419f49c239497fed4a3140ca6950016ae425051b044499c0b15d967 key=GOOGLE_STUDIO_API_KEY_2
processed 573/923 7fa7203603639a153d26e5a0142e2ea8b1f7c93e5f37cd51f73e50ed8148f09a key=GOOGLE_STUDIO_API_KEY replacements=17 evidence=11 paired_evidence=23
processed 576/923 6551ff3f2cdae032df0228c5d1fd84c43c9ce4c713f0c8d398a8c60be7d67577 key=GOOGLE_STUDIO_API_KEY replacements=15 evidence=8 paired_evidence=13
processed 575/923 99eda2cee111e7f0b87c42053485ff119cd258e74f8624f687eb26245fc7bf86 key=GOOGLE_STUDIO_API_KEY_2 replacements=25 evidence=14 paired_evidence=23
waiting: GOOGLE_STUDIO_API_KEY_2 HTTP 500; retry in 300 seconds for 5a33590877f6cc88ce30e4f3dbf702a213c623ad7888b043fda19b31762f45c0
api-detail: GOOGLE_STUDIO_API_KEY_2 INTERNAL: Internal error encountered.
processed 577/923 b0304a94f58331b30fa68f15dd9a3d374cc548d898f58b124024ba1305ec53fd key=GOOGLE_STUDIO_API_KEY replacements=12 evidence=7 paired_evidence=18
processed 579/923 5f45b5dab6e47c19df7ce6fa309b2f5d74c22956905c6035465617fdd1a447eb key=GOOGLE_STUDIO_API_KEY replacements=9 evidence=3 paired_evidence=8
processed 580/923 9850613ced67fb835b8343505b33bba90ab0b53e6fa242b426f20675163cef12 key=GOOGLE_STUDIO_API_KEY replacements=14 evidence=10 paired_evidence=19
processed 581/923 ecddce1f482539b7f32107da61194b4afdbd104bc5c6a4c8c6b411e29d85eff4 key=GOOGLE_STUDIO_API_KEY replacements=21 evidence=12 paired_evidence=21
processed 582/923 e326babc333430f29c0fc6a1e1b2d10a8dd2929b01aee1663ea1d83cb568f3d9 key=GOOGLE_STUDIO_API_KEY replacements=13 evidence=12 paired_evidence=17
processed 583/923 f972169e7dbcb56518e78889020f4730efee46887ced6ae41512df9587d03dc7 key=GOOGLE_STUDIO_API_KEY replacements=16 evidence=11 paired_evidence=22
waiting: GOOGLE_STUDIO_API_KEY_2 HTTP 503; retry in 600 seconds for 5a33590877f6cc88ce30e4f3dbf702a213c623ad7888b043fda19b31762f45c0
api-detail: GOOGLE_STUDIO_API_KEY_2 UNAVAILABLE: This model is currently experiencing high demand. Spikes in demand are usually temporary. Please try again later.
processed 584/923 61e075af384c90a525639f96ee9b5cf538cbe7afc4a09d9a1fbf33c008ecaf9d key=GOOGLE_STUDIO_API_KEY replacements=13 evidence=8 paired_evidence=19
processed 585/923 07d9b36df9e67aa3ad2a0cf0b1edd4e9d5be4645946267c7adb8c3eabfbb8862 key=GOOGLE_STUDIO_API_KEY replacements=11 evidence=4 paired_evidence=10
processed 586/923 aa57d7483d8bae15872c46da64e19cc0480ff59bb867597dd5128545f35b7b99 key=GOOGLE_STUDIO_API_KEY replacements=12 evidence=5 paired_evidence=8
processed 587/923 faa7454e3440820a56c1d0351277b31bf1010d21cf25ccbe7bd69c8f0c335a2a key=GOOGLE_STUDIO_API_KEY replacements=12 evidence=6 paired_evidence=10
processed 588/923 ad2edcf3cff243dc2e03c15296a5b965c3598abca67c507fae27a925a38b6f8b key=GOOGLE_STUDIO_API_KEY replacements=24 evidence=23 paired_evidence=40
processed 589/923 57119d33c24593d6364556b68d08ca500f8865227bc15a9c9c8b3892d1b6aa2b key=GOOGLE_STUDIO_API_KEY replacements=10 evidence=5 paired_evidence=10
processed 590/923 6a0bce25f37f307e209a37add2d71792aa9d33b214634e43ea6f63b664f5b086 key=GOOGLE_STUDIO_API_KEY replacements=19 evidence=11 paired_evidence=21
processed 591/923 924b5c27bec9cfc1c4e986494afe444fbc5b10190fab406c1a0eed2b056d5b91 key=GOOGLE_STUDIO_API_KEY replacements=22 evidence=3 paired_evidence=35
processed 592/923 dec043876245b8b4e8fc49a2f4dc56fea68cd94c3fdc0c4166cff082cd933d2b key=GOOGLE_STUDIO_API_KEY replacements=11 evidence=2 paired_evidence=16
processed 593/923 c34632e976d4acfb1d26911477a6856cc0db3297cb803c8d2d1bc8435bd5db71 key=GOOGLE_STUDIO_API_KEY replacements=12 evidence=10 paired_evidence=17
waiting: GOOGLE_STUDIO_API_KEY_2 HTTP 500; retry in 1200 seconds for 5a33590877f6cc88ce30e4f3dbf702a213c623ad7888b043fda19b31762f45c0
api-detail: GOOGLE_STUDIO_API_KEY_2 INTERNAL: Internal error encountered.
processed 594/923 70f2c95f4f0b42018e8aae7dd320332060496ef455bb712fa733c19dd726e31a key=GOOGLE_STUDIO_API_KEY replacements=29 evidence=38 paired_evidence=58
processed 595/923 e408bad2ce0e46b747979f7b8016530ef64198307aa1cb51f3e7e51b1a154b02 key=GOOGLE_STUDIO_API_KEY replacements=11 evidence=14 paired_evidence=26
processed 596/923 60b40566bbdd617d5fef83ce5a32f513f5559d9060d738fee2621b336214f69a key=GOOGLE_STUDIO_API_KEY replacements=30 evidence=4 paired_evidence=25
processed 597/923 31ed357a44afdfe99aee8c5eb0050725a971fc658471ba7911ec25c1d1e95eff key=GOOGLE_STUDIO_API_KEY replacements=37 evidence=6 paired_evidence=18
processed 598/923 a6a7a0cf461c0a4a00397f485945cee3d0b414dd05bf39e0738ee17c7d076721 key=GOOGLE_STUDIO_API_KEY replacements=17 evidence=16 paired_evidence=33
processed 599/923 63a57f8ece8f2bf1ad5255d1744d468788ed449c58c23995e7b62df48b5bd7fd key=GOOGLE_STUDIO_API_KEY replacements=11 evidence=7 paired_evidence=13
processed 600/923 118e602755d34a315cd63a287adeb72c0a67e7406d4aa5879834c1feb9b6d52e key=GOOGLE_STUDIO_API_KEY replacements=15 evidence=15 paired_evidence=29
processed 601/923 3fdc13e39ca8e9f2baa9bc7d7ad2431d5eaf216406a6baa950d675c0808ce9d4 key=GOOGLE_STUDIO_API_KEY replacements=18 evidence=17 paired_evidence=33
processed 602/923 3765e5de33a64a38c48260f12efae69aeffa86a965e7ab3f8be480650bfaf38e key=GOOGLE_STUDIO_API_KEY replacements=14 evidence=7 paired_evidence=13
processed 603/923 b9d624df17e2a9f1a0a4d2432fe001564b781ba01ab5ca775730ab1b6894618f key=GOOGLE_STUDIO_API_KEY replacements=12 evidence=11 paired_evidence=20
processed 604/923 8ed6c57383200c3f35a6ef728b61e6f8f2b7cdfdad15038b1f977b249ccd64d3 key=GOOGLE_STUDIO_API_KEY replacements=13 evidence=11 paired_evidence=20
processed 605/923 724e133b123447da7c21365f43ca0004b980c251e7d281f868ed82e6345f910b key=GOOGLE_STUDIO_API_KEY replacements=15 evidence=13 paired_evidence=21
processed 606/923 adf8106a7efc89d802a1b182ce5269479db49a376000629c7a9a5d15587a80bf key=GOOGLE_STUDIO_API_KEY replacements=14 evidence=9 paired_evidence=18
processed 607/923 11d0f77ddfdd1765d387e3b6844889d8a87e675d542e8f6c8ef3fbed5c3ae90d key=GOOGLE_STUDIO_API_KEY replacements=17 evidence=8 paired_evidence=11
processed 608/923 7e95e00a818d96b7c0f247fc5812fbe755f8fd23de3dcd475a44ef6b7fda7c17 key=GOOGLE_STUDIO_API_KEY replacements=10 evidence=6 paired_evidence=10
processed 609/923 76c8e8d82f92b7156f8b870809b0c1b199f4653248b5b333e62fbbdf4023b86e key=GOOGLE_STUDIO_API_KEY replacements=12 evidence=7 paired_evidence=14
processed 610/923 43b96cf49fd8ea8c9ce6eb6e13118f692404dd3b35c9e60771cdb1c647014637 key=GOOGLE_STUDIO_API_KEY replacements=16 evidence=10 paired_evidence=25
skipped-empty 611/923 feb3831940f174e85ad22e3c0de5921e6e4e6db26ec5bc37dc3bebe6e627a600 key=GOOGLE_STUDIO_API_KEY
skipped-transient 578/923 5a33590877f6cc88ce30e4f3dbf702a213c623ad7888b043fda19b31762f45c0 key=GOOGLE_STUDIO_API_KEY_2
waiting: GOOGLE_STUDIO_API_KEY_2 HTTP 500; retry in 300 seconds for 00566948b5971293c0f36f4fc44f03643eb65b6a45247dc0f6066c959d4cf1a5
api-detail: GOOGLE_STUDIO_API_KEY_2 INTERNAL: Internal error encountered.
processed 612/923 409b5875ddc7271ffe419d655ba20fbd54135ada8955eeb7575220480d6ea056 key=GOOGLE_STUDIO_API_KEY replacements=15 evidence=16 paired_evidence=26
processed 614/923 e860954f2f9b9664110f38be3518b136034f5167678d0db245dc1cd4cf983142 key=GOOGLE_STUDIO_API_KEY replacements=10 evidence=7 paired_evidence=12
processed 615/923 3afd38e48a4dd3c586f84eac9122edb79432987d74b8d3bb7090ec5c563279c9 key=GOOGLE_STUDIO_API_KEY replacements=15 evidence=5 paired_evidence=10
processed 616/923 5c7de11448d0e82acb8dbb419efc9338adc1a4315bebccfac285b46e4e2b34bc key=GOOGLE_STUDIO_API_KEY replacements=9 evidence=4 paired_evidence=7
processed 617/923 68ce25e9625fe46c204477b3618b3825646e647963d79f833de3aaed2d5f0cd5 key=GOOGLE_STUDIO_API_KEY replacements=17 evidence=11 paired_evidence=24
processed 618/923 2b3d77bf688e4bf93729ad9ed811515dabeec5c4092a9cf09f02c3e259362dce key=GOOGLE_STUDIO_API_KEY replacements=12 evidence=9 paired_evidence=16
processed 613/923 00566948b5971293c0f36f4fc44f03643eb65b6a45247dc0f6066c959d4cf1a5 key=GOOGLE_STUDIO_API_KEY_2 replacements=14 evidence=16 paired_evidence=30
processed 619/923 225a90f7c7ee60e0ff5663da54443ea4b8e1d1693bd268daf0c63d7785e778eb key=GOOGLE_STUDIO_API_KEY replacements=19 evidence=12 paired_evidence=22
processed 620/923 cbc0d4be2957e8a4038333c68f95fbcbabac5b8b4fa7d4af09f22326702d4c83 key=GOOGLE_STUDIO_API_KEY_2 replacements=12 evidence=6 paired_evidence=15
processed 621/923 c2e46b539afdaddb9bdca10028fefc60ad391907bfb64a011675cdd393e213b7 key=GOOGLE_STUDIO_API_KEY replacements=14 evidence=11 paired_evidence=20
processed 622/923 a0324676699b351d5926388ee6ee68d145ae75534d9bfa909d7b78a6671cd37b key=GOOGLE_STUDIO_API_KEY_2 replacements=16 evidence=5 paired_evidence=15
waiting: GOOGLE_STUDIO_API_KEY_2 HTTP 500; retry in 300 seconds for e5e9a79ad57ca42a9374da29f2b9e3566c331b62941d289d8412026ae12010ee
api-detail: GOOGLE_STUDIO_API_KEY_2 INTERNAL: Internal error encountered.
processed 623/923 c0502db5b408e2e4af9e977b473111a533be92502e785eb49a68c2715c35ac7a key=GOOGLE_STUDIO_API_KEY replacements=13 evidence=9 paired_evidence=14
processed 625/923 6b285a04c901daaf14335a2e9c9973f158d9e9ffbb8ff8b8a8f1bed2f8ea8e0a key=GOOGLE_STUDIO_API_KEY replacements=16 evidence=5 paired_evidence=8
processed 626/923 6a95eefb1d8afa11c8f9a8a37f1a5c3127593fb15789277e3c3e5832deb9b7e0 key=GOOGLE_STUDIO_API_KEY replacements=14 evidence=12 paired_evidence=24
processed 627/923 c03fab17943d85555a39d50314bd34f8c9116d5be26fe98eaadc3a7a014df3c0 key=GOOGLE_STUDIO_API_KEY replacements=21 evidence=15 paired_evidence=30
processed 628/923 d85c7caa9b6936513e8b6cdbfffb5991874db903958ee740a9f6677148686423 key=GOOGLE_STUDIO_API_KEY replacements=23 evidence=12 paired_evidence=20
processed 629/923 7614d2ddcd9236953d956bbb12bcf8c3763095d474f71219399cc76c08dd9932 key=GOOGLE_STUDIO_API_KEY replacements=19 evidence=16 paired_evidence=29
processed 624/923 e5e9a79ad57ca42a9374da29f2b9e3566c331b62941d289d8412026ae12010ee key=GOOGLE_STUDIO_API_KEY_2 replacements=17 evidence=10 paired_evidence=19
waiting: GOOGLE_STUDIO_API_KEY_2 HTTP 500; retry in 300 seconds for dad528462b713dc2a2545032de551a1a1a26d8f5bd57c65d698ef7e61b5de972
api-detail: GOOGLE_STUDIO_API_KEY_2 INTERNAL: Internal error encountered.
processed 630/923 27781128aa9a8a16324daf50ae5829f81d2a01c2193eaf294712c6b7bf353c04 key=GOOGLE_STUDIO_API_KEY replacements=20 evidence=22 paired_evidence=32
processed 632/923 0a0f598ac2a291e74c714d30fa5e3e637d3b7eab5bafe32c3b69a5163c23ba8f key=GOOGLE_STUDIO_API_KEY replacements=22 evidence=11 paired_evidence=21
processed 633/923 49d73494ae56ed2c7153ad5ae7fc10ec487660b4e954a81a5c35dcc10048c7a3 key=GOOGLE_STUDIO_API_KEY replacements=17 evidence=10 paired_evidence=31
processed 634/923 009785b80f714fdcb566de81a5073939cabb8157b1f345e9d45e0f59d9f13b3c key=GOOGLE_STUDIO_API_KEY replacements=10 evidence=9 paired_evidence=18
waiting: GOOGLE_STUDIO_API_KEY_2 HTTP 503; retry in 600 seconds for dad528462b713dc2a2545032de551a1a1a26d8f5bd57c65d698ef7e61b5de972
api-detail: GOOGLE_STUDIO_API_KEY_2 UNAVAILABLE: This model is currently experiencing high demand. Spikes in demand are usually temporary. Please try again later.
processed 635/923 62604255d830e5a25426496affe3e393e2f463467fa7ba256c99cd7502d88785 key=GOOGLE_STUDIO_API_KEY replacements=14 evidence=9 paired_evidence=15
processed 636/923 82a32b7288a171477c029d396261b860c8ccbeea90c4d7e4155f4c1b5ba50c8d key=GOOGLE_STUDIO_API_KEY replacements=11 evidence=3 paired_evidence=5
processed 637/923 7ffd4e195f941de86cb518072b0c95b433dbf81ec973bb588e9a4d100d3a57d5 key=GOOGLE_STUDIO_API_KEY replacements=11 evidence=5 paired_evidence=8
processed 638/923 9444dcddb1c34151194d9aff54c56fc811af80c289b7732440d390e2fe41c52f key=GOOGLE_STUDIO_API_KEY replacements=15 evidence=9 paired_evidence=21
processed 639/923 59e9ed0c1886c007d31992e9e0d60e2a0124772d8f0f027faae7ee029adba042 key=GOOGLE_STUDIO_API_KEY replacements=16 evidence=9 paired_evidence=19
processed 640/923 694fdc3c8e11e96fabd6b5c98b7cbe295e3230020ae83d6ff567c0ac8f022317 key=GOOGLE_STUDIO_API_KEY replacements=13 evidence=13 paired_evidence=23
processed 641/923 f70c70d1836f76aa630e4e9c68a4e473437cdf89d76d14bc9919126a3411f337 key=GOOGLE_STUDIO_API_KEY replacements=14 evidence=6 paired_evidence=14
processed 642/923 7654730c75d3aeae4858b0beee6686c070ff47e7ba94324c051df733f313be12 key=GOOGLE_STUDIO_API_KEY replacements=14 evidence=15 paired_evidence=26
processed 643/923 78e1c73ae0a3b7d78963ded3b5b2a8e1f774e7be3304f35c8d73cd9f52b0358a key=GOOGLE_STUDIO_API_KEY replacements=25 evidence=9 paired_evidence=19
processed 644/923 b7202e24ea3066f12c07b296fb4ab92bbf6dfa396c7abed70b8163f9bf050431 key=GOOGLE_STUDIO_API_KEY replacements=14 evidence=10 paired_evidence=16
processed 645/923 02be7835473e520cf44975f8ad787d36133f2b28a688f48af707ad3ebea761bd key=GOOGLE_STUDIO_API_KEY replacements=10 evidence=1 paired_evidence=4
processed 631/923 dad528462b713dc2a2545032de551a1a1a26d8f5bd57c65d698ef7e61b5de972 key=GOOGLE_STUDIO_API_KEY_2 replacements=13 evidence=4 paired_evidence=7
processed 646/923 3f722c5c18c3dcd69de022a2f19775f4b27fc642aa0dbb1216e7b78f46f95059 key=GOOGLE_STUDIO_API_KEY replacements=14 evidence=15 paired_evidence=24
processed 647/923 89f0be1cd4dfbc5a96f6853bcb8787974cb8e99aa60bb295e8a279857af18e2a key=GOOGLE_STUDIO_API_KEY_2 replacements=9 evidence=6 paired_evidence=11
waiting: GOOGLE_STUDIO_API_KEY_2 HTTP 500; retry in 300 seconds for ddfeb70e9b9c5cf1f9af3a56c3d01311c4fa2f80d2c8779c604e697446c222d9
api-detail: GOOGLE_STUDIO_API_KEY_2 INTERNAL: Internal error encountered.
processed 648/923 6428d8f3fced7fadddaad628b8cf2b92743018286148d5f28646ff2d645f02f2 key=GOOGLE_STUDIO_API_KEY replacements=15 evidence=9 paired_evidence=13
processed 650/923 f51a6020b0fefc88c186cfc4fff51c05484eca437afaf17eed594c9bccfd117d key=GOOGLE_STUDIO_API_KEY replacements=12 evidence=4 paired_evidence=8
processed 651/923 635735c8bd65aa32da738914d27bf5d0cc532ccfc507bb876c4ec43e7f391b60 key=GOOGLE_STUDIO_API_KEY replacements=6 evidence=2 paired_evidence=9
processed 652/923 5d12e464717fe128a470e101d2b2776ee1f120a7900db341678d68af6c8aad5e key=GOOGLE_STUDIO_API_KEY replacements=17 evidence=11 paired_evidence=17
processed 653/923 b8ea9ee47f26d2596342dfdb013306cc06e651073126871a5c47d4b438cb5cd6 key=GOOGLE_STUDIO_API_KEY replacements=10 evidence=4 paired_evidence=11
processed 654/923 86e7bf4e8a4caebdd716487527004c2be78042fe1c68c32d264236ffcd46b40a key=GOOGLE_STUDIO_API_KEY replacements=10 evidence=3 paired_evidence=8
processed 655/923 0d5db7df9e811c7bd52a7e4efc84ff6c3c885ff669427ef39aa5eca6e47e0019 key=GOOGLE_STUDIO_API_KEY replacements=15 evidence=12 paired_evidence=24
processed 656/923 4e8d861fcf40cf74e860ec92a57661ac1dde340b314a8dd13eda5a522fbda1a4 key=GOOGLE_STUDIO_API_KEY replacements=12 evidence=1 paired_evidence=21
processed 649/923 ddfeb70e9b9c5cf1f9af3a56c3d01311c4fa2f80d2c8779c604e697446c222d9 key=GOOGLE_STUDIO_API_KEY_2 replacements=20 evidence=5 paired_evidence=8
processed 657/923 7d1203ff9559d9477d0e563ae80c31ed636c91c7cb4668b09fb932c7dac00998 key=GOOGLE_STUDIO_API_KEY replacements=16 evidence=14 paired_evidence=28
processed 658/923 6d1291736439d9c9373dde4dbdd1cd32fec4bddb71917ab889ba3ca3222dcd2a key=GOOGLE_STUDIO_API_KEY_2 replacements=12 evidence=4 paired_evidence=7
waiting: GOOGLE_STUDIO_API_KEY_2 HTTP 503; retry in 300 seconds for 132d75e2c0f3dbeb366c69342f9b728dbdb2a847e4ed1faa512f3112cff5a493
api-detail: GOOGLE_STUDIO_API_KEY_2 UNAVAILABLE: This model is currently experiencing high demand. Spikes in demand are usually temporary. Please try again later.
processed 659/923 434d34716cbb26f2a71c4690800e32f27f1ee7cf3b762fc71ffa6cdd37d70f77 key=GOOGLE_STUDIO_API_KEY replacements=13 evidence=10 paired_evidence=19
processed 661/923 28becc90e4ac35d00aef756cc56ff83c7aea2453e4c213f3301a4a46b35032ac key=GOOGLE_STUDIO_API_KEY replacements=13 evidence=8 paired_evidence=15
processed 662/923 92fd844bb0adf79194724423a6ebf198384411fa3e86b6ce5e2dd1d72a569efe key=GOOGLE_STUDIO_API_KEY replacements=14 evidence=13 paired_evidence=26
processed 663/923 1e4aeed08b86c46702a58ac55217ba135bd6201832958497986fd047e6270872 key=GOOGLE_STUDIO_API_KEY replacements=15 evidence=8 paired_evidence=16
processed 664/923 af75e361aa9cb2730e0dd5757630a60d7f9069d1909d1f96bb813056041258bc key=GOOGLE_STUDIO_API_KEY replacements=14 evidence=6 paired_evidence=9
processed 665/923 6c8b6ce53486bbf012fab8186df2a04be757f03e17fffa42a07cba5e9c07b624 key=GOOGLE_STUDIO_API_KEY replacements=19 evidence=9 paired_evidence=15
waiting: GOOGLE_STUDIO_API_KEY_2 HTTP 503; retry in 600 seconds for 132d75e2c0f3dbeb366c69342f9b728dbdb2a847e4ed1faa512f3112cff5a493
api-detail: GOOGLE_STUDIO_API_KEY_2 UNAVAILABLE: This model is currently experiencing high demand. Spikes in demand are usually temporary. Please try again later.
processed 666/923 158cd9b3619d072d0e48ec59204e8c1bc6dd95c94f986e23f88d9c3a686b635c key=GOOGLE_STUDIO_API_KEY replacements=16 evidence=5 paired_evidence=10
processed 667/923 556381b78eb23be77608ab3b777f522bb9b3433b402f6e5d80735d5c357e77b2 key=GOOGLE_STUDIO_API_KEY replacements=14 evidence=8 paired_evidence=13
processed 668/923 7446449e7d7361204a0df6e7db847f3055f6c8e4a5bfb1eb7bd21a3609262f81 key=GOOGLE_STUDIO_API_KEY replacements=11 evidence=6 paired_evidence=13
processed 669/923 ec0096b018685728f5e93f3aae9e34a6a7c2b6dd2f21cc4369987138f78e877d key=GOOGLE_STUDIO_API_KEY replacements=15 evidence=10 paired_evidence=18
processed 670/923 0b6793eae9fadecf233c536e94ccb70f3ce19c9d276c49d387159bed52c30189 key=GOOGLE_STUDIO_API_KEY replacements=17 evidence=13 paired_evidence=23
processed 671/923 f13e97c7bab9764a17cb04c75c106e8d5fd4d730949e63f34c02645a4aa329bb key=GOOGLE_STUDIO_API_KEY replacements=13 evidence=6 paired_evidence=18
processed 672/923 3a0ae0131c309efb49f02e179ca96c75b8c6c27bab18e11cf10b9d005aff4692 key=GOOGLE_STUDIO_API_KEY replacements=16 evidence=11 paired_evidence=32
processed 673/923 7a41658424ab98707de7c4b8a3b5f24a3b8c1dc51152cb2478bc7675bc45e9c1 key=GOOGLE_STUDIO_API_KEY replacements=20 evidence=15 paired_evidence=22
processed 674/923 2f5119612c76579125df9d858ce6e91702e6575cfc27be9b2199597f7c5178a9 key=GOOGLE_STUDIO_API_KEY replacements=13 evidence=6 paired_evidence=16
processed 675/923 a2e4f19a66e1582ff7f1dac945c69031ead18f247e2a5f2f8a6cdb90283b9d8d key=GOOGLE_STUDIO_API_KEY replacements=10 evidence=13 paired_evidence=24
processed 660/923 132d75e2c0f3dbeb366c69342f9b728dbdb2a847e4ed1faa512f3112cff5a493 key=GOOGLE_STUDIO_API_KEY_2 replacements=11 evidence=2 paired_evidence=7
processed 676/923 eae3e220f214be9a683b81397040f02c6876b4c2f72950572ad5675200f3ab5d key=GOOGLE_STUDIO_API_KEY replacements=12 evidence=7 paired_evidence=13
processed 678/923 821dc8d0d8c4330d59c4d2e102e1ac87ab67f51c72795b42346bc9cda944d64e key=GOOGLE_STUDIO_API_KEY replacements=13 evidence=11 paired_evidence=20
processed 677/923 1800b0532627c6e2a1f8c5e487d7c2faf9328c1e890838848cf357b6b3562eba key=GOOGLE_STUDIO_API_KEY_2 replacements=12 evidence=5 paired_evidence=9
processed 679/923 dec7103513881daf40f1973035abd50db7c75ef20a027a71af3bf89e7be3f367 key=GOOGLE_STUDIO_API_KEY replacements=16 evidence=12 paired_evidence=21
processed 680/923 db93bf22be82d09319c1172ff3430a95bebf9a34b993aeb29ddc26e5c4270449 key=GOOGLE_STUDIO_API_KEY_2 replacements=12 evidence=12 paired_evidence=25
waiting: GOOGLE_STUDIO_API_KEY_2 HTTP 500; retry in 300 seconds for 69399f6ed786a4598052799997e9f56450c2d46779212298ae954ed6b8de3e11
api-detail: GOOGLE_STUDIO_API_KEY_2 INTERNAL: Internal error encountered.
processed 681/923 737fcfc271552ea5dc80b48af3bb3e977580d7cf829b5fcf45029c3968e10432 key=GOOGLE_STUDIO_API_KEY replacements=12 evidence=10 paired_evidence=26
processed 683/923 4ddfdb36d183ecfb18deff9b7a8995f3977d09c40d1fcd8f4e5f289d93232e66 key=GOOGLE_STUDIO_API_KEY replacements=13 evidence=9 paired_evidence=21
processed 684/923 54c87de96818ffac9a853997ece1fd074d0cb4a42116ce872bf2b6e6a276bd3c key=GOOGLE_STUDIO_API_KEY replacements=12 evidence=10 paired_evidence=15
processed 685/923 04116394ee4496ad93232a7afb02c279e41ac1c4c8ae0c6e227409db1e67c016 key=GOOGLE_STUDIO_API_KEY replacements=21 evidence=12 paired_evidence=18
processed 686/923 d2a8d6b57ab2dfaac0df748e5e4a7183a1e329b78a90dcdf96c6ded19325c884 key=GOOGLE_STUDIO_API_KEY replacements=18 evidence=11 paired_evidence=18
processed 687/923 4f61dc898ddebe05a20fef764eb35acf1efbad76be97f6ce0ffc65dc2d1cda22 key=GOOGLE_STUDIO_API_KEY replacements=8 evidence=1 paired_evidence=7
processed 682/923 69399f6ed786a4598052799997e9f56450c2d46779212298ae954ed6b8de3e11 key=GOOGLE_STUDIO_API_KEY_2 replacements=18 evidence=11 paired_evidence=19
waiting: GOOGLE_STUDIO_API_KEY_2 HTTP 500; retry in 300 seconds for 6f5f01117782f3bfed9200a4cf0a0fac845842db3a01baa300ab677a7ee8a5ee
api-detail: GOOGLE_STUDIO_API_KEY_2 INTERNAL: Internal error encountered.
processed 688/923 fbdc0f71e50e1355b32b496b8b56d7d1aff9fddfc9cefbf17275f14050377c5a key=GOOGLE_STUDIO_API_KEY replacements=13 evidence=8 paired_evidence=18
processed 690/923 7b2adabc87c5393c1e6e5a05e840cd04e1f1020a9d1769ee38c23cfd779d4c88 key=GOOGLE_STUDIO_API_KEY replacements=11 evidence=7 paired_evidence=14
processed 691/923 d2337f2045e023c0995ab526f820f5a2c8f647f3250ba17c60f0e0417379779c key=GOOGLE_STUDIO_API_KEY replacements=9 evidence=13 paired_evidence=23
processed 692/923 e1d66ee85f44aec1f4b61bc021104d95a471f236cd760ad54f5716ff5132c885 key=GOOGLE_STUDIO_API_KEY replacements=20 evidence=10 paired_evidence=19
processed 693/923 8811c55981ad4b2df044ea25f2b7e15fe42c1c83d5ac5dae9d1eb95ef3bb4359 key=GOOGLE_STUDIO_API_KEY replacements=12 evidence=3 paired_evidence=25
processed 694/923 34d728ce9070c47086481c0a9d6513eb400870a6730b1ce010e673d5e4de9e46 key=GOOGLE_STUDIO_API_KEY replacements=12 evidence=12 paired_evidence=20
processed 695/923 fbc3b1cd0cf3e4f9f034796275065b941d33ca03a1ba5558f9e5437df08c66b5 key=GOOGLE_STUDIO_API_KEY replacements=12 evidence=4 paired_evidence=19
processed 689/923 6f5f01117782f3bfed9200a4cf0a0fac845842db3a01baa300ab677a7ee8a5ee key=GOOGLE_STUDIO_API_KEY_2 replacements=24 evidence=13 paired_evidence=27
processed 696/923 fac136ee972ae7def06e5767b096f6e970449c3fb6128c00b2369d1cca4b32ae key=GOOGLE_STUDIO_API_KEY replacements=12 evidence=9 paired_evidence=20
processed 697/923 1d2d70a58a0a927ffed050c58fac49e2228325a5eef792b69fc1157a52980c6f key=GOOGLE_STUDIO_API_KEY_2 replacements=14 evidence=9 paired_evidence=14
processed 698/923 ca28f82c046f653ed1e6e5cfc92a20182d5da38b263724d7b8b07eff69a596c1 key=GOOGLE_STUDIO_API_KEY replacements=52 evidence=7 paired_evidence=19
processed 700/923 68a4935d3638c8e663da07db32d6a7b445edd71aef2180d606fc662b98e7757e key=GOOGLE_STUDIO_API_KEY replacements=9 evidence=1 paired_evidence=13
processed 699/923 99ae4aaa040f25e5fafb2517f3e8d490727a5143d9832069479e02ce5ebc7f01 key=GOOGLE_STUDIO_API_KEY_2 replacements=14 evidence=11 paired_evidence=30
skipped-oversize 702/923 85973b8f93b5e2a49972de629f33adb6088feefe87c57b1ba5c12df4865d9fa5 key=GOOGLE_STUDIO_API_KEY_2
processed 703/923 ca00cc95912afdcefc3c8ebfa0e0527656365c0d595913a80036173b97cd7c12 key=GOOGLE_STUDIO_API_KEY_2 replacements=11 evidence=8 paired_evidence=18
waiting: GOOGLE_STUDIO_API_KEY_2 HTTP 500; retry in 300 seconds for d657d8635dcb01283e3166a83c09bf47c6c8757945c4b2dc2072db45ed0c5d34
api-detail: GOOGLE_STUDIO_API_KEY_2 INTERNAL: Internal error encountered.
processed 701/923 7d793da3dea1ec8e46ac96fa5134e69779318d3b1327341343fbbe94feb09ec9 key=GOOGLE_STUDIO_API_KEY replacements=27 evidence=11 paired_evidence=17
processed 705/923 b567dd6c2354f591f2363bb4ebaa6f579c2c238d9ec7d05f83075af5912c2163 key=GOOGLE_STUDIO_API_KEY replacements=12 evidence=11 paired_evidence=22
processed 706/923 74f7dbe22354ad5e53a9d0564abb6fcb6f7b73a038b2c2f46116c1096f039fcd key=GOOGLE_STUDIO_API_KEY replacements=22 evidence=14 paired_evidence=25
processed 707/923 3d08415e25ab61456fb68b84c549733edb189d69c671386a0178a272054cfaa1 key=GOOGLE_STUDIO_API_KEY replacements=22 evidence=12 paired_evidence=23
processed 708/923 ff7e22d78f948299e066dfcc5e7819a26d502b308e73bab41409cda790e21daf key=GOOGLE_STUDIO_API_KEY replacements=13 evidence=9 paired_evidence=19
processed 709/923 c315af2758580ebe189fca40f6c89051ed4cae77e2ecff450b99b8888714c862 key=GOOGLE_STUDIO_API_KEY replacements=19 evidence=10 paired_evidence=19
processed 704/923 d657d8635dcb01283e3166a83c09bf47c6c8757945c4b2dc2072db45ed0c5d34 key=GOOGLE_STUDIO_API_KEY_2 replacements=13 evidence=9 paired_evidence=16
waiting: GOOGLE_STUDIO_API_KEY_2 HTTP 500; retry in 300 seconds for 2e53591d8749a3c86bf278e18f1d72d00022c777698e224323bba010d2e22df4
api-detail: GOOGLE_STUDIO_API_KEY_2 INTERNAL: Internal error encountered.
processed 710/923 c1e176ab4eefa0a3755cbcd40a23d6c0a4e2577d5df6bbe8c638d355ceb9d37e key=GOOGLE_STUDIO_API_KEY replacements=7 evidence=1 paired_evidence=8
processed 712/923 5e53c422903a2e0d97f9a2294554795f91e53b7e6339f6e97d3832a347c04c81 key=GOOGLE_STUDIO_API_KEY replacements=14 evidence=9 paired_evidence=16
processed 713/923 ca593cf8054ae410aae585259601801e5fad579c2227780d4a4510ae6b37a378 key=GOOGLE_STUDIO_API_KEY replacements=11 evidence=8 paired_evidence=14
processed 714/923 84019a8e4ebf30cae4cdf902775f4210aa870e67494ba1434ce75a1fd7b70b15 key=GOOGLE_STUDIO_API_KEY replacements=17 evidence=6 paired_evidence=11
processed 715/923 4b7f898fb226803a1018bc347c8d5256cc4b00b9139671bc1f35772f72d3baef key=GOOGLE_STUDIO_API_KEY replacements=11 evidence=6 paired_evidence=14
processed 716/923 90042df705f8a1f5360d0274c0c6a8e3f82d58e36447b6d01cff7224e2da5377 key=GOOGLE_STUDIO_API_KEY replacements=8 evidence=2 paired_evidence=14
waiting: GOOGLE_STUDIO_API_KEY_2 HTTP 500; retry in 600 seconds for 2e53591d8749a3c86bf278e18f1d72d00022c777698e224323bba010d2e22df4
api-detail: GOOGLE_STUDIO_API_KEY_2 INTERNAL: Internal error encountered.
processed 717/923 b143d699926159469a1505018563e306a3243e769d7644219d64c0e92cc6adf3 key=GOOGLE_STUDIO_API_KEY replacements=11 evidence=12 paired_evidence=21
processed 718/923 2e465d520566fd79f18e3300b47e284cedd924088578506e51513289ad0677c0 key=GOOGLE_STUDIO_API_KEY replacements=13 evidence=13 paired_evidence=26
processed 719/923 89cc42bb121e7603ff6a0f7c0cd22dab74b928740440f828654cd6716b375afd key=GOOGLE_STUDIO_API_KEY replacements=16 evidence=13 paired_evidence=23
waiting: GOOGLE_STUDIO_API_KEY HTTP 429; retry in 300 seconds for 466c46e08a2a1c6f74fef1f1c45e76fc0e1982fd3490a0a462f6e1917c0c3e43
api-detail: GOOGLE_STUDIO_API_KEY RESOURCE_EXHAUSTED: You exceeded your current quota, please check your plan and billing details. For more information on this error, head to: https://ai.google.dev/gemini-api/docs/rate-limits. To monitor your current usage, head to: https://ai.dev/rate-limit. * Quota exceeded for metric: generativelanguage.googleapis.com/generate_content_paid_tier_input_token_count, limit: 16000, model: gemma-4-31b Please retry in 31.398102422s.
processed 720/923 466c46e08a2a1c6f74fef1f1c45e76fc0e1982fd3490a0a462f6e1917c0c3e43 key=GOOGLE_STUDIO_API_KEY replacements=35 evidence=11 paired_evidence=40
processed 721/923 2563bc6e207ebbfc599434dc1e021596ece1d9762b87f9b8112ff6b572b3990a key=GOOGLE_STUDIO_API_KEY replacements=13 evidence=5 paired_evidence=14
waiting: GOOGLE_STUDIO_API_KEY_2 HTTP 503; retry in 1200 seconds for 2e53591d8749a3c86bf278e18f1d72d00022c777698e224323bba010d2e22df4
api-detail: GOOGLE_STUDIO_API_KEY_2 UNAVAILABLE: This model is currently experiencing high demand. Spikes in demand are usually temporary. Please try again later.
processed 722/923 c3cfbf67ba206b6d6bd6b352c519542c327962c11367da3c453824a83a3b5493 key=GOOGLE_STUDIO_API_KEY replacements=10 evidence=6 paired_evidence=12
processed 723/923 7bfeb1a5c9d0a09c633d873b63ed57bdc17a1a6986b17ce45478fabc6459c5c9 key=GOOGLE_STUDIO_API_KEY replacements=11 evidence=9 paired_evidence=18
processed 724/923 7cc83d383089401d48a686d3d4df8b785947c0015ad2cf4a801172691b4f243f key=GOOGLE_STUDIO_API_KEY replacements=17 evidence=14 paired_evidence=27
processed 725/923 371ff15e929a0e0ed2a06ae50c40e94be5857f5362bc7d0b8a5d3e372aea866a key=GOOGLE_STUDIO_API_KEY replacements=20 evidence=12 paired_evidence=24
processed 726/923 94070c06572acf0206cfd73494a411cb74cf831585b7164f52607251760743db key=GOOGLE_STUDIO_API_KEY replacements=13 evidence=10 paired_evidence=16
processed 727/923 70275d2d53d60da1f2aa39080be981a06a0eadd5952851b58057dded1049f0ba key=GOOGLE_STUDIO_API_KEY replacements=18 evidence=12 paired_evidence=26
processed 728/923 136a2b36b90a0520d64137bc1da2bb337eda34fab6fc4835e06082cd72856cde key=GOOGLE_STUDIO_API_KEY replacements=12 evidence=2 paired_evidence=7
processed 729/923 65b207a2f7db5f14e9529107e4793f9c9a07fd0132c344fee4b8c08095b432f0 key=GOOGLE_STUDIO_API_KEY replacements=20 evidence=9 paired_evidence=19
processed 730/923 dc66171ce91012e872bcad7df94decee765da93d6deae666a712e4d16cc7e9da key=GOOGLE_STUDIO_API_KEY replacements=14 evidence=13 paired_evidence=23
processed 731/923 7b00bdf23942c363b6dbb0450d91c6bbb83617230fd1762cc893b56dc9307c4b key=GOOGLE_STUDIO_API_KEY replacements=14 evidence=7 paired_evidence=12
processed 732/923 2c39efb1a075049c849b069bd7d58075772220535dc8b23336316138113e5f03 key=GOOGLE_STUDIO_API_KEY replacements=17 evidence=11 paired_evidence=19
processed 733/923 f720a843acbd65abda3ee4e85125afd8efca28d6674cf1d250dbc9c7a8acc346 key=GOOGLE_STUDIO_API_KEY replacements=14 evidence=12 paired_evidence=25
processed 734/923 eeea7d1d8239424d3f2f9323d4271851cb8917579f38eb5c301256bd16c8dec6 key=GOOGLE_STUDIO_API_KEY replacements=21 evidence=18 paired_evidence=50
processed 735/923 1d5a88160c13aa075bdeb68b08dd58fe3def86f6544e43fd224fe1ebd12f14f5 key=GOOGLE_STUDIO_API_KEY replacements=33 evidence=13 paired_evidence=22
processed 736/923 cbe426e110b6f0eccad0c033fd9d56af2d3a2bfc5eccd39fe309e0f38071ac2f key=GOOGLE_STUDIO_API_KEY replacements=10 evidence=2 paired_evidence=5
processed 737/923 daec4e30220dcc684de76f751ba6854c69474bb309ac6fab117a317bf0052ae0 key=GOOGLE_STUDIO_API_KEY replacements=12 evidence=4 paired_evidence=7
processed 738/923 4393a2c08bc33b4d94423b24df930a1bc5e0a4caaaaa2e5324580a5d2e5ba21a key=GOOGLE_STUDIO_API_KEY replacements=20 evidence=9 paired_evidence=16
processed 739/923 5fb4e9d6ba6a1e989490fcb81dc7f6bdeceda5d58a6afa94cc5b5822aea5019a key=GOOGLE_STUDIO_API_KEY replacements=11 evidence=7 paired_evidence=10
processed 740/923 c387cedc3fb9b605cf5e6687f769f040b776658b416c02584f81e9c0c775afb0 key=GOOGLE_STUDIO_API_KEY replacements=22 evidence=7 paired_evidence=22
processed 741/923 87db74534030343ced2a1f5f3fe3c33411f07a884bb8adca951de6cfbeb28010 key=GOOGLE_STUDIO_API_KEY replacements=12 evidence=9 paired_evidence=16
processed 711/923 2e53591d8749a3c86bf278e18f1d72d00022c777698e224323bba010d2e22df4 key=GOOGLE_STUDIO_API_KEY_2 replacements=9 evidence=5 paired_evidence=10
waiting: GOOGLE_STUDIO_API_KEY_2 HTTP 500; retry in 300 seconds for 7bf94dca16e9f8f619e08fa2030046e303972cafc436fd62e393b4a9b2e1d9b9
api-detail: GOOGLE_STUDIO_API_KEY_2 INTERNAL: Internal error encountered.
processed 742/923 493d8b31a66fd7234f21c6becaf94c3b122a1291669298d1bf112a5ff05557dd key=GOOGLE_STUDIO_API_KEY replacements=12 evidence=9 paired_evidence=20
processed 744/923 7973aa2e251f6e8fea91231327aa7f86d0ae6ca9e34e149482c4c449d2a08ca5 key=GOOGLE_STUDIO_API_KEY replacements=7 evidence=1 paired_evidence=4
processed 745/923 bc08ce4667a882eddb1b8e3f8ab53b6e9b7fc72af0e26e927a562bf9d853d041 key=GOOGLE_STUDIO_API_KEY replacements=7 evidence=2 paired_evidence=6
processed 746/923 9f45bf7e562bb1d0737ecf3f978ac7fbbbcb08ad315e4d4247a8efc6367d69f1 key=GOOGLE_STUDIO_API_KEY replacements=10 evidence=7 paired_evidence=14
processed 747/923 7800547aa58a51c7bd2f06c54d6401600403b8d042990a70c72457758b1e6314 key=GOOGLE_STUDIO_API_KEY replacements=10 evidence=7 paired_evidence=14
processed 748/923 b9f8ae94a3a10f5dd446317d2876aa276907f60a6eef970678d18d6d0d70ed25 key=GOOGLE_STUDIO_API_KEY replacements=15 evidence=12 paired_evidence=19
waiting: GOOGLE_STUDIO_API_KEY_2 HTTP 500; retry in 600 seconds for 7bf94dca16e9f8f619e08fa2030046e303972cafc436fd62e393b4a9b2e1d9b9
api-detail: GOOGLE_STUDIO_API_KEY_2 INTERNAL: Internal error encountered.
processed 749/923 f139c2b87d60a762fa724fd62949cffbf16069e0efe0e4b47e380735ae459b1d key=GOOGLE_STUDIO_API_KEY replacements=22 evidence=7 paired_evidence=11
processed 750/923 77d0d247e920625951c403cb3d9218885a62f355f7a6f353e8a16e53b61a61b5 key=GOOGLE_STUDIO_API_KEY replacements=15 evidence=8 paired_evidence=16
processed 751/923 fdf0ab33fc16dfe9e0c3f3cfaacf8c16f28c49f6887bb87162aa5a83f8451536 key=GOOGLE_STUDIO_API_KEY replacements=18 evidence=9 paired_evidence=19
processed 752/923 3dec0895add8bd142b3d2b156b0ff8ba2b081bd578bd5b4ad6e7218009ac6cee key=GOOGLE_STUDIO_API_KEY replacements=9 evidence=8 paired_evidence=16
processed 753/923 6b258a4a610b200563abb8a0898ada167df2e3eeb827ce36497b9498a75b0f82 key=GOOGLE_STUDIO_API_KEY replacements=10 evidence=10 paired_evidence=22
processed 754/923 d48d4ef4266e09988e18627573b3b3eca8317814f9c58d4481bf386c5650f486 key=GOOGLE_STUDIO_API_KEY replacements=13 evidence=6 paired_evidence=12
processed 755/923 037375286925b48e1fdf43b6f1bb6f7047fe07d608cff2e3562ce5fbf9aa7348 key=GOOGLE_STUDIO_API_KEY replacements=9 evidence=4 paired_evidence=8
processed 756/923 5e653ce7886a7852330c49f43d876fdd16633235554f01f59c146d1db9f1e754 key=GOOGLE_STUDIO_API_KEY replacements=23 evidence=17 paired_evidence=29
processed 757/923 322e77b4f167b6a384c7bcbb0a862b3dcf022287a78f3af9a5081e2f6b5aee42 key=GOOGLE_STUDIO_API_KEY replacements=11 evidence=7 paired_evidence=13
processed 758/923 0dbb38cd1d91e90d00d2d4c561b95faf3995a78ff16c8cb45a538de05bf2ac51 key=GOOGLE_STUDIO_API_KEY replacements=15 evidence=10 paired_evidence=18
processed 759/923 2c8c557a353d259998f7503c1abd519477f58a83fbff396e340ce3204c679bea key=GOOGLE_STUDIO_API_KEY replacements=6 evidence=3 paired_evidence=9
processed 760/923 3eaa13290db33328ce5accfc0319af68a92225b2d14e4c0da5bbd4a5b31e73a7 key=GOOGLE_STUDIO_API_KEY replacements=12 evidence=12 paired_evidence=26
processed 743/923 7bf94dca16e9f8f619e08fa2030046e303972cafc436fd62e393b4a9b2e1d9b9 key=GOOGLE_STUDIO_API_KEY_2 replacements=11 evidence=17 paired_evidence=29
processed 761/923 a4f2f4b512703e794f0a1796105a76546a0ecf8805a20b8a9d31c82261323fa5 key=GOOGLE_STUDIO_API_KEY replacements=9 evidence=8 paired_evidence=17
processed 763/923 3dee220a57882e2a0430b958a86c6c0b42bb03269009101fc9dee2fb2e1f03ee key=GOOGLE_STUDIO_API_KEY replacements=10 evidence=7 paired_evidence=14
processed 762/923 1d6915204ac13102f1a01080a9826cabb4cfecff131a8546c0ae3e9260e9a250 key=GOOGLE_STUDIO_API_KEY_2 replacements=13 evidence=19 paired_evidence=32
waiting: GOOGLE_STUDIO_API_KEY_2 HTTP 500; retry in 300 seconds for 69c61167f7fdd613b3956352c036f008aade9ed62c077d720e162c4c1237fae6
api-detail: GOOGLE_STUDIO_API_KEY_2 INTERNAL: Internal error encountered.
